Episode,Reward,CPU_Level,Agent_Stock,CPU_Stock,Actor_Loss,Critic_Loss,Entropy
1,-41.057312,9,0,4,-0.017776298569515347,11.613712189719081,1.8737404942512512
2,-44.82626,9,0,4,0.0013819119582573574,15.288236742218336,1.8619060118993123
3,-44.10602,9,0,4,0.016258918015020236,9.06736580814634,1.8461745296205794
4,-39.83576,9,0,4,-0.013498464017175138,6.110341116786003,1.793443813920021
5,-36.791897,9,0,3,-0.06571621424518526,6.070456750690937,1.7331042289733887
6,-34.334652,9,0,3,-0.02095696097239852,4.181556086987257,1.6115417629480362
7,-43.791832,9,0,4,0.011463081619391838,5.9707130044698715,1.6187271475791931
8,-47.290203,9,0,4,-0.0335563201457262,11.12821392416954,1.66150906085968
9,-39.420456,9,0,4,-0.02238638317794539,5.553537145256996,1.6181213855743408
10,-39.305653,9,0,3,-0.08135737452123847,6.0114564044134955,1.6207027265003748
11,-32.145283,9,0,3,-0.059044428169727325,1.4086147157045512,1.5707648258942823
12,-43.440403,9,0,4,-0.050971382111310956,11.423754918575288,1.4280746698379516
13,-42.611263,9,0,4,0.00553679745644331,4.586849262317021,1.4396910667419434
14,-41.80564,9,0,4,-0.014868475835431706,2.1453957666050303,1.4814580137079412
15,-36.333412,9,0,3,-0.03396616534640392,6.326091418663661,1.449962894121806
16,-26.971268,9,0,2,-0.0033444157452322543,5.057820089161396,1.4548300057649612
17,-42.67724,9,0,4,-0.011740834219381213,6.418705902993679,1.4163136929273605
18,-32.25824,9,0,3,-0.030722091533243658,3.3875700026750564,1.4443191289901733
19,-40.039783,9,0,4,0.023682548974951107,3.6212629675865173,1.5122098724047344
20,-36.55505,9,0,3,0.04867933663938727,3.869322125400816,1.4887431519372123
21,-44.55755,9,0,4,-0.047779458441904614,3.552217483520508,1.5118586335863387
22,-41.727676,9,0,4,0.0361498836427927,3.9386197924613953,1.562017560005188
23,-36.314728,9,0,4,-0.027722491649910808,1.88090780377388,1.5295381546020508
24,-33.727333,9,0,3,0.010871080495417119,4.350344151258469,1.4796605944633483
25,-35.6336,9,0,3,-0.012265758419578726,2.253740578889847,1.4234112284400247
26,-31.939774,9,0,3,-0.00988571964100831,2.628302527798547,1.5509470701217651
27,-36.999115,9,0,4,-0.04757904509703318,3.1420766943030887,1.5214996470345392
28,-47.495895,9,0,4,0.09922459423542022,9.029356220364571,1.2790756225585938
29,-42.494724,9,0,4,0.018479872727766633,3.1131687462329865,1.1564347967505455
30,-40.64631,9,0,4,-0.005067337614794572,2.5937856833140054,1.2284180919329326
31,-31.90842,9,0,2,0.006894715846731112,1.6026231520451033,1.3277067954723651
32,-40.45,9,0,3,0.03064553886651993,3.9382181763648987,1.3670097231864928
33,-40.810986,9,0,3,0.027306751860305668,4.720601361989975,1.5301363706588744
34,-37.673313,9,0,4,-0.02811980084516108,3.11097639426589,1.557358294725418
35,-32.65953,9,0,3,-0.051017224136739966,2.69832978695631,1.5032986760139466
36,-37.198154,9,0,3,0.008213798329234124,3.4340419083833695,1.4312183380126953
37,-38.303978,9,0,4,0.026280495084144852,1.7805640054020015,1.3650448755784468
38,-37.51474,9,0,2,0.02590852454304695,7.699099826812744,1.4422117233276368
39,-26.689037,9,0,3,-0.01658989768475294,0.5034524838750561,1.4271706938743591
40,-28.243893,9,0,2,0.028794539375947073,2.042054340816461,1.4478637713652391
41,-41.08637,9,0,4,0.013045192030923707,6.375503330358437,1.507233738899231
42,-43.978123,9,0,4,-0.06862769027551015,4.932611187299092,1.4672755599021912
43,-27.156898,9,0,2,-0.021173858642578126,3.514700174331665,1.3218082666397095
44,-28.492538,9,0,3,-0.011349695663039502,2.461887400883895,1.193324556717506
45,-37.16585,9,0,4,-1.3700789875454373e-07,2.6824203547504215,1.1024164226320055
46,-28.746548,9,0,3,0.020892451827724774,2.0368506477938757,1.2623340288798015
47,-37.2471,9,0,3,-0.0323284562677145,4.277802401036024,1.292195737361908
48,-34.53438,9,0,3,0.011340927798300982,1.8386696161968368,1.3808949845177787
49,-32.776,9,0,3,-0.020814646700663225,1.837537991149085,1.43170850617545
50,-37.142307,9,0,3,-0.018908967496827245,4.202691205777228,1.3905061930418015
51,-37.795006,9,0,3,0.009068167044056786,3.35968818101618,1.355155309041341
52,-31.348526,9,0,3,0.01544586905779747,1.0288192320328493,1.3458817647053645
53,-32.190514,9,0,2,0.05815540540676851,1.7939956446106617,1.4627079688585722
54,-26.44089,9,0,2,0.008796230177668965,1.9869995415210724,1.6104261244044584
55,-28.863821,9,0,3,-0.003462832421064377,1.9876460984349251,1.6725199103355408
56,-34.194435,9,0,4,0.03690434094857086,0.9737018726088784,1.6283957307988948
57,-32.986546,9,0,3,0.003321149153634906,3.1482758186757565,1.6116131395101547
58,-34.42417,9,0,3,0.06434988882392645,2.6930228074391684,1.4884940385818481
59,-18.180315,9,1,1,0.03882599746187528,2.5576765636603036,1.4579501152038574
60,-6.5152035,9,0,1,0.16012614965438843,0.3725871741771698,1.6857610940933228
61,-29.935139,9,0,3,-0.004149608831438754,0.7118993720246686,1.5254755483733282
62,-34.518997,9,0,3,0.013162882067263126,2.74518435312943,1.5534184846011074
63,-35.42735,9,0,4,0.0335420093245127,1.0250216871500015,1.609402667392384
64,-41.140007,9,0,4,0.0009033101766059796,7.637122940272093,1.6669023831685383
65,-37.470703,9,0,4,0.005923427641391754,0.6252274245023728,1.5725354075431823
66,-39.305355,9,0,3,0.016771308908408337,2.9440592987970873,1.5758791403336958
67,-34.761757,9,0,3,-0.02079939397729256,2.387727104127407,1.5681753917173906
68,-39.39534,9,0,4,0.012095907559761634,1.0995041931477876,1.6266828041810255
69,-35.264603,9,0,2,-8.492730557918549e-05,3.086075626934568,1.585499366124471
70,-39.396557,9,0,3,0.02384234988130629,2.849989383481443,1.4450093060731888
71,-37.62429,9,0,4,-0.026203840350111324,1.6257700353033013,1.373363693555196
72,-45.757168,9,0,4,0.049945483322847976,2.2234143154187636,1.3991686647588557
73,-49.039654,9,0,4,-0.04464341952864613,4.4486871106284,1.3549545322145735
74,-45.115963,9,0,4,0.048136536712543324,1.2883243744189923,1.357199421295753
75,-38.630943,9,0,3,-0.06607856461778283,3.8274059750139715,1.3804094910621643
76,-45.454727,9,0,4,-0.013047519539083754,3.582961303847177,1.40982563155038
77,-38.903,9,0,4,0.04993861254591208,1.167392866542706,1.2772191304426928
78,-36.309246,9,0,4,0.011123256334526972,0.9020599817687814,1.3175775571302935
79,-40.89767,9,0,4,-0.024209129491022656,4.314098210207054,1.3713658537183488
80,-22.681381,9,0,2,0.018788804672658442,2.041700428724289,1.2828123331069947
81,-38.995575,9,0,4,-0.03750465132503046,3.0302153237991862,1.2148453791936238
82,-42.435562,9,0,4,0.0013675689697265625,3.9373526434813226,1.1072607466152735
83,-42.705532,9,0,4,0.003782510550485717,2.55589324194524,1.1363937324947782
84,-32.880947,9,0,3,0.05971209772608497,3.165711906823245,1.003487077626315
85,-35.978703,9,0,3,0.05524585396051407,2.1284416019916534,0.9897268480724759
86,-43.85424,9,0,4,-0.034651223570108414,5.237057907879352,1.3402498245239258
87,-37.699875,9,0,2,-0.008723302810852016,3.1515539086290767,1.2739658526011877
88,-36.643078,9,0,3,-0.0016336016930066622,1.7179314992748773,1.4139222915355976
89,-37.994614,9,0,4,0.041678646206855775,2.123772619664669,1.467481005191803
90,-33.434624,9,0,2,0.013195547585686048,2.2140318784448834,1.5031020376417372
91,-38.013996,9,0,3,-0.0006783143617212772,2.7213551281020045,1.6257553100585938
92,-42.960983,9,0,4,0.012142928317189217,3.964434136237417,1.6465001276561193
93,-31.777609,9,0,4,-0.018378712236881256,1.26505216143348,1.632720177823847
94,-39.976254,9,0,4,0.019302282397719948,0.7471222843636166,1.5768403898585925
95,-41.899483,9,0,4,0.0062194880606098605,2.14802437140183,1.4159502224488691
96,-35.456238,9,0,3,0.03586243262345141,2.4774575629694895,1.5361982150511309
97,-40.58901,9,0,4,-0.03395177749916911,6.324261126108468,1.4836347103118896
98,-35.25972,9,0,4,0.0014263992863042013,3.273706290870905,1.5265392916543143
99,-46.218628,9,0,4,-0.010059403604827821,3.9914177034515887,1.5851874351501465
100,-27.316763,9,0,3,0.029090921115130185,1.9866523340344429,1.5485584139823914
101,-28.14535,9,0,2,-0.0030143119394779204,2.635910239815712,1.5618292570114136
102,-32.759377,9,0,3,0.01408828180283308,4.730781802535057,1.5475006580352784
103,-32.696,9,0,3,0.03920597464523532,2.4243857616728004,1.6109857775948264
104,-38.44852,9,0,4,-0.07121006515808403,2.5757383946329355,1.3987027406692505
105,-46.51375,9,0,4,0.05653323116712272,5.218874525278807,1.1842613965272903
106,-43.827934,9,0,4,0.03352128021651879,2.895223058760166,1.061574138700962
107,-34.332054,9,0,2,-0.003662728083630403,3.2731830862661204,1.0359526127576828
108,-34.05606,9,0,3,-0.002016971565105698,1.402347670360045,0.8899937976490367
109,-42.20779,9,0,4,-0.0006184421169261137,2.7242257081800036,0.7724665535820855
110,-49.64041,9,0,4,-0.10444100648164749,9.247781085968018,1.0190596342086793
111,-42.06956,9,0,4,-0.014955206108944756,3.8846014695508138,0.838870712688991
112,-43.557156,9,0,4,0.029944068938493728,2.518274062871933,0.649678784608841
113,-36.66537,9,0,3,-0.02938830992206931,4.1135534760024814,0.8452122012774149
114,-43.456043,9,0,4,0.010975435908351625,4.454908708908728,0.8317558765411377
115,-38.741154,9,0,4,-0.019710612793763477,2.5328083833058677,0.5430478453636169
116,-30.624546,9,0,3,0.024570321797260215,1.660841962588685,0.6458196043968201
117,-32.815025,9,0,3,-0.019153194967657328,1.4880728535354137,0.8344746008515358
118,-36.175877,9,0,3,-0.025126588996499777,2.28414449095726,0.6804626335700353
119,-51.311253,9,0,4,-0.04370403910676638,10.187514493862787,0.8134156415859858
120,-41.682816,9,0,4,0.08400194027594157,4.331131472119263,0.7805888482502529
121,-37.591984,9,0,3,0.07048390557368596,5.029488409558932,1.1654618581136067
122,-29.025105,9,0,3,0.05268078212710944,1.4306590990586714,1.290705073963512
123,-49.003414,9,0,4,0.050823427204574854,3.2461778095790317,1.6908105271203178
124,-36.750145,9,0,3,0.010061954063448038,2.3360124826431274,1.775658206506209
125,-32.99158,9,0,3,0.005231834831647575,2.8182863146066666,1.8107548207044601
126,-43.646286,9,0,4,0.03335972564915816,4.387386133273442,1.877269983291626
127,-32.96681,9,0,4,0.014862400013953447,2.0389467030763626,1.8558242321014404
128,-43.234867,9,0,4,0.06912797476564135,5.428520441055298,1.8689336947032384
129,-40.975647,9,0,4,0.009064102778211236,1.5181138403713703,1.943309485912323
130,-30.156113,9,0,3,0.03483198183987822,1.203645614108869,1.8819018602371216
131,-34.450077,9,0,3,0.0057968745008111,1.7062915466725825,1.8852498292922975
132,-40.2782,9,0,3,0.024136705737974908,4.664351921942499,1.854390886094835
133,-38.44479,9,0,4,0.02535584137182344,2.205042953518304,1.7563229257410222
134,-35.919525,9,0,3,0.0640041921287775,4.1505804397165775,1.856978416442871
135,-40.97695,9,0,4,-0.007547336009641488,4.2533131676415605,1.9041719635327656
136,-30.014174,9,0,3,-0.015562724660743366,1.292418404736302,1.9587824669751255
137,-27.478573,9,0,4,0.01841245378766741,1.6770603933504649,1.9844547850745065
138,-37.153313,9,0,3,-0.01157099697738886,2.0840018719434736,1.9456225395202638
139,-36.4976,9,0,3,-0.015207331119613214,2.5312419520183043,1.9492445208809592
140,-25.84937,9,0,2,-0.0019664887338876726,2.369414809346199,1.99020414352417
141,-43.61151,9,0,4,-0.025091590492853096,4.3369095123239925,1.9463331869670324
142,-36.061985,9,0,4,0.01409357866006238,3.1191754255975996,1.9400706461497716
143,-25.843893,9,0,2,0.0002211242914199829,2.051760794222355,1.9590984582901
144,-29.348406,9,0,2,0.022044944238256325,1.66800957782702,1.9524806954643943
145,-46.281136,9,0,4,0.019281160784885287,4.29298640973866,1.930247351527214
146,-25.241724,9,0,2,-0.049090284920696704,1.2245365833597524,1.866270431450435
147,-26.66745,9,0,1,-0.031794807408005,2.724358885415963,1.7889425328799657
148,-37.627846,9,0,4,-0.04765757421652476,2.5669124010536404,1.6281691524717543
149,-46.735226,9,0,4,-0.0426525633249964,6.07157759900604,1.5761460065841675
150,-22.92084,9,0,3,-0.02796899884318312,0.8831986946364244,1.4748063385486603
151,-31.787174,9,0,2,-0.007580412489672502,2.09069642846783,1.4646755854288738
152,-44.280743,9,0,4,0.0010465927835967806,3.920526855521732,1.405518611272176
153,-22.422356,9,0,2,-0.07142342813313007,2.0508978881619195,1.3008114424618809
154,-40.667904,9,0,4,0.004046945599839091,3.1423246413469315,1.2013264745473862
155,-42.61425,9,0,4,-0.04151902052884301,7.03942118336757,1.179181069135666
156,-41.321293,9,0,4,-0.03591045830398798,2.580286778509617,1.2648913115262985
157,-40.73702,9,0,4,-0.05145741378267606,4.56089323759079,1.2404675285021465
158,-34.500546,9,0,4,-0.08500931547446684,1.3298883045261556,1.3336694999174639
159,-29.859362,9,0,3,-0.015251351706683635,1.5693807557225228,1.2814201593399048
160,-40.281876,9,0,4,-0.028121402312535793,2.458251073025167,1.2266001403331757
161,-31.33664,9,0,3,-0.028224998368666723,2.605447625884643,1.1872403071476862
162,-25.636814,9,0,3,-0.03519446551799774,0.9327102636297544,1.1345007181167603
163,-36.387657,9,0,4,-0.01486692184375392,1.908722184598446,1.2670233514573839
164,-31.954063,9,0,3,0.004335219705743449,1.194563933515123,1.3183964831488473
165,-36.995834,9,0,3,0.034386265402038894,4.960842270818022,1.2764976819356282
166,-39.28792,9,0,4,0.03468038747087121,1.8579292786307633,1.3603908618291218
167,-27.00556,9,0,3,-0.005548430606722832,2.105931888334453,1.4849565774202347
168,-34.479446,9,0,4,-0.0422981800382129,2.775520017163621,1.5290453433990479
169,-35.99861,9,0,4,0.019323027071853478,1.9800183473465343,1.570612758398056
170,-30.330963,9,0,3,0.01543445015947024,2.3504771242539086,1.6246953540378146
171,-27.40146,9,0,3,-0.02494056321059664,1.44365502273043,1.683853805065155
172,-31.687374,9,0,3,-0.0028790685094215655,2.8471468717537145,1.6647830659692937
173,-38.08944,9,0,4,0.0008372053917911318,3.5992265476120844,1.5696416563457913
174,-43.999847,9,0,4,0.008993412367999554,1.82007557451725,1.6850094079971314
175,-27.149048,9,0,3,-0.004732833057641983,0.9011989419658979,1.7708484888076783
176,-29.372694,9,0,3,-0.019589402120221745,1.8751164508814162,1.7750330513173884
177,-30.165102,9,0,3,-0.01495708835621675,2.130998160379628,1.7902230322360992
178,-33.141594,9,0,3,0.0033046460011973977,1.496009289358671,1.7669242253670325
179,-46.36825,9,0,4,-0.020974367624148726,5.104202667018399,1.793190374970436
180,-37.079514,9,0,4,0.039899781684983864,0.9672814241864465,1.689912048253146
181,-39.686134,9,0,3,0.023251136764883995,3.4023655995726587,1.7182164549827577
182,-32.49067,9,0,4,-0.024636154595230306,2.874644730772291,1.684316941670009
183,-28.304787,9,0,2,-0.003156541423364119,3.319577472623099,1.6868225119330666
184,-42.189434,9,0,4,0.037956232471125465,2.693128694381033,1.691378048488072
185,-38.539894,9,0,4,0.011224019806832075,2.238162411376834,1.700969159603119
186,-22.584204,9,1,2,0.01697595529258251,1.8497124508023262,1.6535449981689454
187,-5.7335105,9,0,2,0.13611115515232086,0.8434138894081116,1.5634604692459106
188,-40.333176,9,0,3,-0.008572219353583124,3.1876103803515434,1.6762966579861112
189,-33.84291,9,0,4,-0.00690431259572506,2.3727283380925654,1.695941400527954
190,-22.814484,9,0,2,-0.01442628400400281,1.314848104181389,1.6519793470700581
191,-35.73903,9,0,3,-0.0040491747204214334,1.9275319362059236,1.5980252708707536
192,-22.284008,9,0,3,0.015060148667544127,0.9694591397419572,1.6148950854937236
193,-31.335049,9,0,3,-0.02093381279458602,1.741360367430995,1.6313028633594513
194,-34.184444,9,0,3,-0.0051573532234345165,3.3033916050834313,1.6007461036954607
195,-31.368065,9,0,3,0.029596146196126938,2.105209133028984,1.5524311423301698
196,-31.56351,9,0,3,-0.04622627484301726,2.65169530444675,1.536838213602702
197,-33.251057,9,0,3,0.04105333345276969,3.7589833683201244,1.6601200103759766
198,-31.545746,9,0,3,-0.03674973534758796,1.83264461024241,1.670432610945268
199,-37.093834,9,0,3,0.04597388546575199,1.7865201587026769,1.6725053570487283
200,-39.426796,9,0,3,-0.06481942906975746,3.664207562804222,1.6083238124847412
201,-26.070692,9,0,3,-0.04859766224399209,1.7788645550608635,1.7030562460422516
202,-33.76576,9,0,3,-0.03452421880016724,1.6961865679671366,1.6154235204060872
203,-38.80622,9,0,2,0.027607079595327377,3.1658636674284937,1.5085354566574096
204,-36.787926,9,0,4,0.022517079280482397,1.8041480349169836,1.6676176256603665
205,-42.489426,9,0,4,-0.014114492173705782,3.4337869520698274,1.8325398649488176
206,-24.27163,9,0,3,-0.0386096196105847,0.7680757048611457,1.8287942501214833
207,-36.685375,9,0,4,-0.012681940570473671,1.462330348044634,1.7944055438041686
208,-25.148743,9,0,2,0.004728023948914865,1.205625216531403,1.8704293615677778
209,-35.05344,9,0,4,-0.011603256635781791,1.726338408059544,1.8678777085410223
210,-29.57386,9,0,1,0.003341455544744219,2.0025986350540603,1.8290427497455053
211,-38.856613,9,0,3,0.017192045599222182,1.5635006055235863,1.8176194906234742
212,-34.86772,9,0,3,-0.02144290083511309,1.6451532759449699,1.82903283292597
213,-45.449776,9,0,4,0.0009954273700714111,2.4779041865840554,1.7656311690807343
214,-41.84364,9,0,4,-0.06489064280564587,1.9954521146913369,1.6698225140571594
215,-26.378218,9,0,2,-0.03731245445934209,2.408297485248609,1.6250537092035466
216,-28.421974,9,0,4,-0.07564006745815277,0.5322525497864593,1.554462357000871
217,-33.094803,9,0,2,0.018767002038657665,1.6214316438417882,1.5957422032952309
218,-41.65409,9,0,4,0.006476285867393017,2.7596728783100843,1.7291384637355804
219,-37.93049,9,0,3,-0.010971935465931892,1.4462424755717318,1.7833431031968858
220,-34.413925,9,0,4,-0.011467395688999783,1.236852858554233,1.776574113152244
221,-26.633015,9,0,1,0.004082259722054005,2.0058386006082096,1.8330207268397014
222,-35.35038,9,0,3,-0.02022486027668823,3.4753975102847274,1.882717641917142
223,-37.501373,9,0,3,0.010687178745865823,1.1962477159996827,1.8286657015482584
224,-36.746902,9,0,4,0.0169716514647007,0.7971965558826923,1.7810573816299438
225,-28.417305,9,0,3,0.0162199594390889,1.0259143859148026,1.7889322340488434
226,-36.171272,9,0,4,-0.06240173543875034,1.0181474410570586,1.7529222873541026
227,-25.791052,9,0,2,0.015933465431718266,0.8929758494829431,1.755962841651019
228,-28.845406,9,0,3,-0.04493951367644163,0.9618992124899075,1.8675805513675396
229,-37.23559,9,0,3,-0.0011493050094161714,0.7784792363111462,1.8934601034436906
230,-28.322035,9,0,2,0.02609150425383919,1.565954609774053,1.8812626161073382
231,-34.963097,9,0,3,-0.00848518405109644,1.9671686242024105,1.8929077982902527
232,-40.984726,9,0,4,0.004375021439045668,3.772193885408342,1.8861125111579895
233,-37.544777,9,0,3,-0.02654511071741581,3.0890288528054954,1.793941068649292
234,-35.12864,9,0,4,-0.020890603980256453,1.892145401901669,1.7026156849331326
235,-32.859093,9,0,3,-0.06229940801858902,2.704205405983058,1.6664107279344038
236,-47.512066,9,0,4,-0.011305483803153039,3.0335559986531733,1.6416762351989747
237,-36.866158,9,0,4,-0.04445572404397859,1.9929204719762008,1.659577210744222
238,-31.28611,9,0,3,-0.0026670523220673203,1.1157293268479407,1.855754315853119
239,-29.51145,9,0,2,-0.021505690234548906,0.9876449076349244,1.9133664930568022
240,-36.39428,9,0,4,-0.023756542327729138,1.505189811302857,1.9012288397008723
241,-34.0569,9,0,3,-0.023228895850479603,3.601884937379509,1.953037604689598
242,-37.00508,9,0,3,-0.013270266783925204,1.5909027657829797,1.910774276806758
243,-41.482224,9,0,4,-0.11471628811624315,3.693987481709984,1.75920303662618
244,-41.825745,9,0,3,-0.02191926246242864,2.4218429688896452,1.702308007649013
245,-31.349379,9,0,3,0.026550678966137078,0.995945828465315,1.7492088171151967
246,-40.675323,9,0,4,0.01152524414161841,2.430581378440062,1.8374020258585613
247,-38.565212,9,0,3,0.016157326185041003,1.7378332507279184,1.82928024397956
248,-33.27855,9,0,2,0.023399056209360853,1.4319789015194948,1.8694202409071081
249,-32.013145,9,0,3,0.006035422285397847,1.7165330372129877,1.9133634964625041
250,-23.89724,9,0,3,-0.005002176050435413,0.5187367959456011,1.9851917570287532
251,-45.620995,9,0,4,0.021853054640814662,4.767318794038147,1.981005534529686
252,-38.59983,9,0,4,-0.032317328473760024,2.376209533876843,1.9672000805536907
253,-31.527437,9,0,3,0.00999713484197855,1.837385630607605,1.9827176570892333
254,-31.954712,9,0,3,-0.012842303266127904,1.8640183190504709,1.9514475822448731
255,-25.29622,9,0,2,0.010151819884777069,1.3696192766229311,1.9289332151412963
256,-20.86137,9,0,1,-0.015207699086103175,1.6226642647137244,1.9195234643088446
257,-33.553608,9,0,3,0.01376725323498249,1.8128850463777781,1.8963285207748413
258,-29.327213,9,0,4,0.013107909075915813,0.5018090967088937,1.8970157861709596
259,-31.911116,9,0,3,0.004863163599601159,1.5735587718395085,1.879913018299983
260,-21.585827,9,0,2,-0.0018129742571285792,1.0732630187911647,1.8540388090269906
261,-32.51593,9,0,2,0.004782413731196097,2.03899923818452,1.9289653982434953
262,-35.980644,9,0,3,0.013126059220387386,1.5972269786378512,1.8914146423339844
263,-37.138992,9,0,4,-0.008027289062738419,2.7990373857319355,1.9310651620229085
264,-35.016903,9,0,3,-0.0006223854919274648,2.3716748472717075,1.950483414861891
265,-21.888393,9,0,2,-0.02844033355358988,0.6290770987980068,1.9303547367453575
266,-24.500633,9,0,2,-0.00142889233926932,2.3853715676814318,1.9104869683583579
267,-32.842186,9,0,3,-0.0010607603650826674,1.07000521169259,1.878579625716576
268,-35.840973,9,0,4,-0.04673723051590579,5.507662381444659,1.9155134814126151
269,-27.975018,9,0,3,-0.0231942952695218,1.8370248756625436,1.8975339260968296
270,-33.81181,9,0,3,-0.0031452164268837525,1.5323869161880934,1.8626062594927275
271,-37.397354,9,0,3,0.025720634148456156,3.0696596962710223,1.8288534184296925
272,-24.395988,9,0,2,0.017493619720506316,1.3738057858803694,1.9221568878959208
273,-28.851818,9,0,2,-0.011675577238202095,1.6346854120492935,1.9346132278442383
274,-45.964264,9,0,4,0.010250220873526164,6.201455674001148,1.9669432980673653
275,-43.870483,9,0,4,-0.01377322943881154,1.9847250487655401,1.9004537463188171
276,-32.24002,9,0,3,-0.0017099878168664873,3.2271786918863654,1.880194991827011
277,-29.507828,9,0,3,0.0269670314155519,1.7311643101274967,1.895486980676651
278,-38.717796,9,0,3,-0.018698167394508015,2.4904294948686254,1.8946965282613581
279,-25.014318,9,0,2,0.009475734217890672,1.601494756660291,1.8934516566140311
280,-37.49849,9,0,3,0.008823032723739743,1.555583983194083,1.8677309304475784
281,-33.686203,9,0,4,0.032443790859542784,1.4036709610372782,1.8964019417762756
282,-28.877895,9,0,3,0.02224630705313757,0.9085776000283659,1.9658689945936203
283,-40.33358,9,0,4,-0.009594706197579702,3.94146992576619,1.9606829285621643
284,-34.205414,9,0,3,-0.01312322305658689,2.102865007920907,1.9380077490439782
285,-20.254436,9,0,1,0.006050183321349323,0.920363026089035,1.8799568563699722
286,-28.362602,9,0,2,-0.004655000055208802,3.342151998076588,1.899917259812355
287,-42.51232,9,0,4,0.0035235200609479633,4.145923527223723,1.8663032395499093
288,-20.915777,9,0,1,0.006889967078512365,1.192317859185013,1.9041280312971636
289,-29.44381,9,0,2,-0.006772779073799029,1.6324693856295198,1.8988957703113556
290,-21.903072,9,0,2,0.010906762443482876,0.7523438931675628,1.8264797627925873
291,-33.228405,9,0,4,-0.016746233962476254,1.7481599543243647,1.8407792329788208
292,-29.216873,9,0,3,-0.02869699669203588,0.5801018915538277,1.8301901136125838
293,-37.252316,9,0,3,-0.005044297664426267,3.095307946554385,1.8442022502422333
294,-28.196825,9,0,2,0.03107618596404791,1.1438049295917154,1.7680777311325073
295,-21.584652,9,0,2,-0.012386320407191913,1.5212240852415562,1.758371082941691
296,-16.644863,9,0,1,-0.012062611254422288,0.7474890301298154,1.727905179324903
297,-20.249853,9,0,1,0.025984321219416764,1.8259429150762467,1.697836527457604
298,-37.599613,9,0,3,0.005938994432134288,2.666549247556499,1.7591324193137032
299,-27.843136,9,0,2,-0.00862030758473434,1.0362506707836139,1.8036634482835467
300,-32.330338,9,0,3,0.002674819901585579,1.3962569868361407,1.7667144320227883
301,-34.19039,9,0,3,0.014699332726498445,2.12401589176928,1.691559761762619
302,-28.707844,9,0,1,-0.03969497723799003,1.6113364284760074,1.7939812572378862
303,-31.093039,9,0,3,-0.008077563407520453,1.2367150316325326,1.8767282863457997
304,-41.212265,9,0,4,0.0418902674689889,1.3462999088689684,1.860832440853119
305,-25.020329,9,0,1,-0.0268399938054028,1.3785656573516982,1.896990282194955
306,-27.016949,9,0,3,-0.027659853920340538,1.2478214051574468,1.8137587785720826
307,-40.56865,9,0,4,-0.0026163639766829355,2.13980296254158,1.7587596007755824
308,-31.02538,9,0,3,0.007182858037677678,1.0179786506024273,1.8337472460486672
309,-35.216522,9,0,4,0.0004714014008641243,1.508202600479126,1.8758913278579712
310,-25.56049,9,0,3,0.006153445846090714,0.6724230653295914,1.8827572564284007
311,-18.57221,9,0,2,-0.0012935747259429523,1.1705250867775507,1.9302863052913122
312,-26.130697,9,0,2,-0.022093942339875196,0.974335369114813,1.9044442929719623
313,-34.96153,9,0,3,1.792186363176866e-05,2.2548118111762134,1.9307358048178933
314,-28.291267,9,0,2,0.015427117880720358,1.8117866662259285,1.9369735626073985
315,-32.775433,9,0,3,-0.017855154847105346,0.9936377207438151,1.876826294263204
316,-28.66296,9,0,2,0.02408582896792463,1.9224381207355432,1.9531357373510088
317,-23.227531,9,0,2,0.0024335747584700584,1.1620473217012153,1.9642347229851618
318,-34.395226,9,0,4,0.006665034633543756,2.0201744629691043,1.9696747726864285
319,-44.094566,9,0,4,-0.023135794119702444,3.3807850856747894,1.9367172453138564
320,-38.078636,9,0,3,-0.0017475710649575507,2.019724352684404,1.9092353241784232
321,-27.193829,9,0,1,-0.005588976581665603,1.1251500284468585,1.9043656912716953
322,-30.487247,9,0,3,-0.007629559109253543,0.5496368315070868,1.8837381516184126
323,-35.708874,9,0,2,-0.002965900360753662,2.108887632328429,1.9013610952778865
324,-25.033533,9,0,2,-0.026299101300537586,1.6197124806931242,1.8408000692725182
325,-32.174732,9,0,4,0.04148072237148881,2.3260923493653536,1.8614392280578613
326,-36.77153,9,0,3,-0.01021696741764362,1.781554538756609,1.8243270562245295
327,-32.4769,9,0,3,0.0023090215399861336,1.5515685032254882,1.7492377502577645
328,-23.838951,9,0,2,0.004942579783107105,0.8139474797307661,1.6763326808025962
329,-27.14656,9,0,2,-0.03429182352764266,1.9423321106338076,1.6758051088878088
330,-40.619118,9,0,3,0.05234857814179526,5.260905856680539,1.714063247044881
331,-31.768555,9,0,3,-0.018387194629758595,1.656490279175341,1.8001189827919006
332,-36.329548,9,0,3,-0.05515206543107828,1.8400597618892789,1.8328686654567719
333,-30.481544,9,0,3,0.003301839447683758,3.1010773711734347,1.8002348343531291
334,-38.732006,9,0,4,0.021414951886981726,2.2585018137469888,1.8715822994709015
335,-39.587708,9,0,4,-0.0043506605120805595,1.6053360293690975,1.8922344262783344
336,-35.261734,9,0,3,0.004142665537074208,1.3399896640330553,1.8847561702132225
337,-30.16857,9,0,2,0.0061804669147188015,2.2987462106076153,1.80652531710538
338,-32.008724,9,0,3,-0.06103660341571359,0.9576661164927132,1.8515453268499935
339,-42.108234,9,0,3,0.00629019799331824,2.9486475316807628,1.7508817513783772
340,-37.787163,9,0,3,0.024855030328035356,3.622621471807361,1.7108521223068238
341,-38.916325,9,0,3,-0.04214055596717766,1.432632246187755,1.7247589571135384
342,-5.2423496,9,2,0,-0.005627598613500595,0.9565874680876731,1.7990901708602904
343,-39.797497,9,0,4,-0.02834151664541827,1.989655241370201,1.7564983632829454
344,-19.757036,9,0,2,-0.01127615620692571,0.8294394853214423,1.8184203465779623
345,-34.76747,9,0,3,-0.018817583077179734,1.3472354093100876,1.8385497629642487
346,-34.456573,9,0,3,-0.05985966815867207,2.6492521703581917,1.7559469829906116
347,-48.36365,9,0,4,-0.002430461967984835,8.975742836793264,1.7797947923342388
348,-29.590107,9,0,2,-0.02075359597802162,0.8683682856591124,1.7868966115148444
349,-31.394669,9,0,3,0.013470368832349778,1.063322664797306,1.8160451889038085
350,-33.892036,9,0,3,-0.024520143697207623,1.7664077129553666,1.9028018279509111
351,-40.584446,9,0,3,-0.02941448258405382,2.3290383531288668,1.9123989885503596
352,-40.356274,9,0,4,-0.008802425323261155,2.2493341147071786,1.8914254506429036
353,-36.233093,9,0,4,-0.048536062240600586,1.515497048281961,1.856984814008077
354,-36.99774,9,0,3,-0.008100070680181185,1.2186763612553477,1.8591058353583019
355,-26.583591,9,0,2,-0.0031893696312023244,1.2824125283843149,1.8195438488670017
356,-48.05611,9,0,4,0.028040837230426923,4.097129203113062,1.8380963546889169
357,-36.730663,9,0,4,-0.02844908886722156,1.898583420153175,1.88112131186894
358,-44.92331,9,0,4,0.049858255710984976,6.182863016213689,1.7720858028956823
359,-33.04123,9,0,3,-0.0311767621897161,2.376048933714628,1.8380832473436992
360,-35.7041,9,0,3,-0.011129249083368402,0.8567096932153953,1.8728710412979126
361,-43.921654,9,0,4,0.03298218362033367,3.474036493524909,1.8381678581237793
362,-31.649216,9,0,3,-0.02111233298977216,0.7655290468285482,1.949946141242981
363,-31.680653,9,0,2,0.0009907442145049572,2.1975776742522917,1.9779066046079
364,-36.872795,9,0,3,0.0023391278726714,2.4625840419238165,1.9801513041768755
365,-31.6829,9,0,4,-0.0015099430456757545,0.9197074403055012,2.0218682289123535
366,-32.27124,9,0,3,-0.010850480912874142,2.47114191038741,2.0014048947228327
367,-32.67965,9,0,3,0.0016826252852167403,0.5478993388158935,1.9846063596861703
368,-29.315222,9,0,2,0.02190435938537121,3.093201048920552,1.9347244501113892
369,-38.13546,9,0,3,0.021677841991186143,2.5841438790783284,1.9366894125938416
370,-27.2971,9,0,2,-0.02245212851890496,1.211501014551946,1.937009062085833
371,-37.050762,9,0,3,0.019869022410024296,1.9534780035980723,1.8991276025772095
372,-31.963308,9,0,3,-0.01175990141928196,1.5713163803924213,1.8867866884578357
373,-23.759827,9,0,1,-0.03580125558533167,0.7811584868223259,1.904570366206922
374,-34.28213,9,0,3,0.01612339512659953,1.8276388516219764,1.8778602526738093
375,-34.3916,9,0,3,0.009958542805785934,2.581627197253207,1.9261031250158946
376,-46.958847,9,0,4,-0.025239773094654083,5.050227689743042,1.9443689346313477
377,-38.21834,9,0,3,-0.003236562545810427,1.7047556806355715,1.9286165237426758
378,-39.77475,9,0,4,0.022911879958377943,1.1489341970947053,1.9620557890997992
379,-37.91754,9,0,3,-0.016107463588317234,2.4508249908685684,1.9878019591172535
380,-29.568064,9,0,3,0.023128443133706846,1.5049026810874542,1.987639832496643
381,-39.780933,9,0,4,0.0030224371002987027,4.6883636261336505,1.9841850847005844
382,-33.921425,9,0,2,-0.016976002945254247,0.9264106273651123,1.9628092130025228
383,-35.734814,9,0,3,-0.012725773625648938,1.174661675718828,2.0061441293129554
384,-27.692219,9,0,2,0.002312893342030676,0.7802861492688719,2.017690288393121
385,-31.532349,9,0,2,-0.012961813601058176,2.8406244443862567,2.0143333077430725
386,-43.939384,9,0,4,-0.019348464906215668,3.092493363842368,1.9933993816375732
387,-40.34668,9,0,3,0.0007472669705748558,3.0316165652126075,2.017232155799866
388,-33.77513,9,0,3,-0.02968062972649932,1.5330411617954571,1.9803819457689922
389,-29.997442,9,0,3,-0.0367101039737463,0.8385504442625321,1.8423857597204356
390,-37.050373,9,0,4,-0.040182853738466896,1.9323021193345389,1.7750444491704305
391,-37.86863,9,0,4,-0.034584831446409225,3.4647575951447442,1.8271748168127877
392,-39.636093,9,0,4,-0.01588486797279782,1.637621332373884,1.7223097218407526
393,-39.239643,9,0,4,0.018413000340972627,2.3982353104012355,1.7321496180125646
394,-24.183632,9,0,2,-0.07987694752713044,2.006597839295864,1.7262891034285228
395,-23.832447,9,0,3,-0.02365616482815572,0.47326161792235716,1.7782589112009322
396,-32.536465,9,0,3,-0.023322942201048136,1.274751238990575,1.8234888315200806
397,-35.26852,9,0,3,-0.050507981744077474,2.41020419779751,1.7825231552124023
398,-28.14391,9,0,3,-0.028083356221516927,0.5289558595046401,1.729107403755188
399,-28.703623,9,0,3,-0.05241841794922948,0.9429144039750099,1.606085753440857
400,-33.68273,9,0,3,-0.03050361254083162,1.6283984619446776,1.6038195328278975
401,-43.47146,9,0,4,-0.021159695461392403,5.10865826656421,1.6976176500320435
402,-34.69451,9,0,4,-0.029857125810601494,1.3075987128540874,1.6981674324382434
403,-18.82785,9,0,1,-0.046891131826365985,1.1577238822355866,1.7472041646639507
404,-25.233957,9,0,2,-0.02945259794154588,0.6478411340538193,1.7049239312901217
405,-39.15267,9,0,4,-0.020502968292151178,2.429862680179732,1.7212823969977242
406,-33.795135,9,0,3,-0.01920830630339109,1.1802378517503922,1.6887755485681386
407,-42.522896,9,0,4,-0.06484967870637774,1.8782676640897988,1.5905511498451232
408,-40.05072,9,0,3,-0.05254585448313843,2.1254233799197455,1.5786598487333818
409,-29.731424,9,0,4,-0.0751068006373114,0.7291586870948473,1.424717989232805
410,-25.078905,9,0,2,-0.04692833696802457,0.6199238372345766,1.5015085538228352
411,-34.37796,9,0,3,-0.023900034992645185,2.0062675904482603,1.4721484780311584
412,-36.683365,9,0,3,-0.03301822592038661,2.144135530863423,1.4682735204696655
413,-22.19501,9,0,2,-0.08929714746773243,1.0531470113648818,1.546361703139085
414,-42.661636,9,0,4,0.00798264125155078,4.43824113946822,1.5265504121780396
415,-30.126982,9,0,3,0.0015517241106583523,0.7114808304378619,1.539868033849276
416,-46.14374,9,0,4,0.0216213906449931,7.056975234832082,1.5851665394646781
417,-26.83723,9,0,3,-0.0004536728732861005,0.7101259185717657,1.6896588435539832
418,-38.454945,9,0,3,-0.02908133648868118,1.689407983262624,1.733626059123448
419,-30.20262,9,0,4,-0.006752674564874421,0.6480433313796917,1.7269528309504192
420,-28.897697,9,0,2,-0.018538252704522827,2.543874581767754,1.728324835950678
421,-40.08279,9,0,4,-0.025771450996398926,2.253679419308901,1.7124210119247436
422,-29.300339,9,0,3,-0.007581507213986837,1.5568364061630116,1.7451441287994385
423,-25.153805,9,0,3,-0.003322610800916498,0.8815935896709561,1.7377928603779187
424,-32.325287,9,0,3,0.027262255316600204,2.3526283315732144,1.7253083512187004
425,-38.62894,9,0,3,-0.01350668016821146,1.814755268022418,1.7270973801612854
426,-41.264885,9,0,4,0.01017043792775699,5.851798762434295,1.7189575604030065
427,-35.337963,9,0,4,-0.025243576305607956,0.6420133591163903,1.7441895703474681
428,-36.610985,9,0,3,-0.05843763532383101,2.408759724880968,1.6178411160196577
429,-38.735443,9,0,4,0.03486776953706375,1.083968313697439,1.4566048383712769
430,-36.226433,9,0,4,-0.036276282742619514,1.8708898135357432,1.5762671364678278
431,-33.805244,9,0,3,0.0059499751776456835,0.9069377521673838,1.71178986231486
432,-28.923065,9,0,3,0.02954463694583286,2.431183281947266,1.7864720604636453
433,-33.904762,9,0,3,-0.03572602652841144,1.7818206941915884,1.8381207519107394
434,-33.142525,9,0,3,0.027373249797771376,1.85534846658508,1.863766719897588
435,-45.941944,9,0,4,-0.035670894756913187,2.6408627167344094,1.8636351466178893
436,-28.374638,9,0,3,0.0022076204080473294,1.0370908284729177,1.9128177707845515
437,-31.41464,9,0,3,-0.008050802163779736,1.172883018319096,1.943691917828151
438,-32.35576,9,0,3,-0.003166339918971062,3.2398571792989967,1.9505287885665894
439,-31.635006,9,0,2,0.002446429089953502,1.5846070006489754,1.9698874473571777
440,-27.624352,9,0,3,-0.006493817676197399,1.4993400727822022,1.9754535501653498
441,-36.22415,9,0,4,-0.016204657176366218,0.41075584578972596,1.9665116163400502
442,-35.55927,9,0,3,0.05230981784944351,1.0715357836049337,1.9689468420468843
443,-7.0116134,9,1,0,0.017381812711911544,1.2919144361679042,1.959845815386091
444,-28.656313,9,0,3,-0.015252554168303808,0.9486858444288373,2.0264907677968345
445,-22.482946,9,0,2,-0.007453305274248123,1.607550981392463,2.018801140785217
446,-25.057789,9,0,2,-0.010590613287474428,0.7138043237583978,2.0610564265932356
447,-27.933365,9,0,2,-0.0031441577843257357,1.1399639043956995,2.0216246587889537
448,-38.25874,9,0,4,-0.002191135452853309,3.0909905114935503,2.015377653969659
449,-16.920235,9,0,2,0.01363721045737083,0.6602229650777119,2.047982069162222
450,-34.44658,9,0,3,0.027806284940905042,1.5756127254830465,2.004833539326986
451,-32.14425,9,0,4,-0.015814298763871193,0.47392079657451675,2.018667632883245
452,-28.164476,9,0,2,-0.01744316576514393,1.4733508955687284,2.054405003786087
453,-34.404522,9,0,3,-0.00835444830590859,1.6857179459184408,2.02552858988444
454,-30.026379,9,0,3,-0.01006792045452378,1.390039959075776,2.012302127751437
455,-27.243221,9,0,2,-0.023335805473228294,1.9412170980746548,2.0332515637079873
456,-26.667576,9,0,2,0.0038883422634431292,0.8773567615342992,2.0386314562388828
457,-35.470757,9,0,3,0.024152789109696943,2.124025548187395,2.027176082134247
458,-36.059307,9,0,3,0.003239110450853001,2.822729616341266,2.064931186762723
459,-26.458282,9,0,2,-0.01994308172480056,0.7952028461977055,2.1007928471816215
460,-27.826387,9,0,2,0.0017906361156039769,1.7863424037479692,2.0733922322591147
461,-35.47083,9,0,4,-0.008166240528225899,1.0504821315407753,2.0699980755647025
462,-33.566868,9,0,4,0.005942789604887366,2.0610057883895934,2.064093232154846
463,-32.24128,9,0,3,0.006998908892273903,1.0098704427480698,2.0655324459075928
464,-37.452133,9,0,3,0.021355990320444107,2.2459885962307453,2.057909941673279
465,-29.922596,9,0,3,0.0028355944901704787,0.5898801359037559,2.0708150068918862
466,-30.479618,9,0,2,-0.013115080500332018,1.0922177601605654,2.0610514680544534
467,-31.263372,9,0,2,0.0041495388881726694,0.5505086773667823,2.085385810245167
468,-43.090927,9,0,4,-0.022414433149000008,4.748676210641861,2.0769327878952026
469,-38.014576,9,0,4,-0.006906027504010126,1.5254771199077368,2.0686509370803834
470,-42.25261,9,0,3,0.012082040043813842,3.583439520427159,2.051720551082066
471,-31.031292,9,0,3,-0.001261399212208661,1.0302954681894996,2.0582165067846123
472,-25.909351,9,0,3,-0.009042300439129273,0.7896189466118813,2.066204329331716
473,-31.856607,9,0,4,0.004096463229507208,1.3087857546284796,2.0767516136169433
474,-28.584717,9,0,2,0.006165169518102299,1.6903602535074407,2.0620933337645098
475,-40.49286,9,0,3,-0.007857263257557695,2.6160494949329984,2.082271998578852
476,-32.68968,9,0,3,-0.024606505874544382,2.1904731329220035,2.0772130886713662
477,-38.00972,9,0,4,-0.013926665065810084,3.3554341518320143,2.058621495962143
478,-39.1851,9,0,3,0.018642233218997717,2.553130030632019,2.0401736199855804
479,-33.3192,9,0,3,0.01515503159978173,1.4222874878482386,2.0505117177963257
480,-29.15052,9,0,2,0.007148719547937314,2.6349806673824787,2.0896629989147186
481,-29.630539,9,0,3,-0.014972143044525927,1.0241053266958757,2.0685361081903633
482,-35.4867,9,0,4,0.004156453162431717,1.4569215193390845,2.0565340876579286
483,-14.124878,9,1,0,-0.004454759880900383,2.2583379074931145,2.026255204127385
484,-34.297264,9,0,3,-0.0031268813957770667,1.7160674634079138,2.065341337521871
485,-26.770197,9,0,2,-0.005337942052971233,1.3095161064781926,2.0812520547346636
486,-6.2110577,9,1,0,-0.012235840250338827,1.21445098732199,2.091170140675136
487,-37.92832,9,0,3,-0.014604033591846624,1.0189244449138641,2.0691363910833993
488,-33.157066,9,0,3,-0.006944960413070826,1.7009427260894041,2.066303198154156
489,-24.928268,9,0,3,0.0044695887093742686,0.5316136758774519,2.0628578066825867
490,-25.290989,9,0,3,-0.008936766248482924,0.6131923382098858,2.0898712231562686
491,-31.653248,9,0,3,-0.0249861940741539,0.8063689323763052,2.070633554458618
492,-19.766281,9,0,2,-0.012188901007175446,0.4448419904336333,2.0324369788169863
493,-32.32553,9,0,2,-0.009222599478172404,2.205953952989408,2.0417646936007907
494,-24.724401,9,0,2,-0.03511947973553712,0.8467695886113992,2.067430794239044
495,-36.391613,9,0,3,-0.009046409693029191,2.896917319132222,2.0576239426930747
496,-35.204517,9,0,3,0.010269054713157507,1.107929245927013,2.095488135631268
497,-33.53419,9,0,3,0.006975340402939103,2.1593324301595036,2.097532120617953
498,-30.158361,9,0,3,0.0010617480359294198,1.502223408019001,2.076954733241688
499,-30.206682,9,0,3,0.00885247209897408,1.5384398693075547,2.060575540249164
500,-35.931587,9,0,3,0.010968242771923542,3.830210506916046,2.0603642612695694
501,-30.529732,9,0,3,-0.003121932252095296,0.829786360836946,2.02467640546652
502,-44.83821,9,0,4,-0.012886313411096731,1.675482587578396,2.0036190152168274
503,-36.875233,9,0,3,0.0065437494777143,3.8689134279266,2.052663892507553
504,-24.893206,9,0,3,-0.024666520004922695,0.835081184790893,2.0579335039312188
505,-36.3515,9,0,3,-0.01718450225889683,3.204866410791874,2.0199817419052124
506,-33.27826,9,0,3,-0.01518235852320989,2.1722061155984798,1.9960396786530812
507,-36.611355,9,0,4,-0.018456437935431797,0.949156961714228,1.9390356640021007
508,-40.98651,9,0,4,-0.03827388305217028,0.9274551964675387,1.9413396418094635
509,-41.20754,9,0,3,0.012144758499094419,4.702401106911046,1.9792848825454712
510,-35.69404,9,0,3,0.017528168857097626,4.247490733861923,1.9376293619473774
511,-37.534874,9,0,4,-0.038057558915831825,0.9051324047825553,1.9351877949454568
512,-40.765625,9,0,4,0.013098210096359253,1.7978308759629726,1.9165636897087097
513,-38.02763,9,0,4,-0.07956056436523795,1.6896834447979927,1.8747753202915192
514,-45.243668,9,0,3,0.018602741595644217,2.946131591828397,1.90666663646698
515,-41.74079,9,0,4,0.004024512896483595,1.3081724413416602,1.836022290316495
516,-30.65498,9,0,3,-0.032144493208481714,1.357555612635154,1.9165780452581553
517,-39.68567,9,0,4,0.01792285740375519,1.7169475954025983,1.9365168809890747
518,-36.208122,9,0,4,-0.029058193787932396,2.4755565428899393,1.921951585345798
519,-43.57773,9,0,4,-0.1521332748234272,6.853175163269043,1.8070753812789917
520,-46.653023,9,0,4,-0.01516226283274591,3.2898281812667847,1.8783297836780548
521,-25.079548,9,0,2,-0.033142596328010164,2.2088505489130816,1.8324078023433685
522,-27.330399,9,0,3,-0.06570594969459555,1.4571878761053085,1.78744836287065
523,-41.32918,9,0,3,-0.021756178300295557,0.8567253819533757,1.742151175226484
524,-36.59688,9,0,4,0.015209609642624855,1.1108238086104394,1.5579689264297485
525,-34.404022,9,0,3,-0.025600722059607506,1.7221828230346243,1.6563331584135692
526,-33.230927,9,0,3,0.021194472908973694,1.243466925341636,1.6421452760696411
527,-29.02991,9,0,3,-0.039331211941316724,0.5325733781792223,1.7742861285805702
528,-39.140682,9,0,3,0.033512564169036016,2.78455280760924,1.921915226512485
529,-42.015697,9,0,4,-0.01151477601379156,1.7587581709027291,1.9193230986595153
530,-31.584846,9,0,3,-0.017888197336684574,1.4397411346435547,2.0291457826440986
531,-39.30095,9,0,3,0.009165849536657333,1.7189461346715689,2.103186910802668
532,-32.52699,9,0,3,-0.035579473401109375,1.0462313980485003,2.0958107709884644
533,-22.7973,9,0,1,-0.007829716056585312,1.4055409873525302,2.094886144002279
534,-28.909054,9,0,3,-0.016347952864386818,1.8424338412217118,2.0712874802676113
535,-20.056927,9,0,2,-0.0038732585962861776,0.844650577288121,2.049707129597664
536,-28.287186,9,0,2,0.010434963812048618,2.410884603428153,2.0266203238413882
537,-33.722485,9,0,3,-0.03167050704360008,1.6220406841200132,2.005850782761207
538,-35.834267,9,0,3,-0.002472167213757833,2.355362364090979,1.9897468487421672
539,-40.93189,9,0,3,0.02018376033414494,2.9836965304884044,1.9390590624375776
540,-32.418,9,0,2,0.053262984173165426,2.106577508151531,1.9834403859244452
541,-20.731361,9,0,2,-0.010734924348071218,0.5605589414481074,2.040880247950554
542,-40.928875,9,0,4,-0.04961047614259379,2.5837312596184865,2.046361429350717
543,-36.29541,9,0,4,-0.009676914869083298,1.3670218884944916,1.9933153523339167
544,-36.654507,9,0,3,-0.010403248348406382,1.4506884855883462,1.9621843184743608
545,-42.73871,9,0,3,-0.024699029258706352,3.2085109407251533,1.9774521047418767
546,-20.611927,9,0,2,-0.008932406942431744,0.857896984483187,1.9684167916958148
547,-30.19827,9,0,3,-0.01663815990711252,1.3235009408090264,1.9466692010561626
548,-23.812601,9,0,1,-0.015978588722646236,1.6197652884293348,1.9240767806768417
549,-29.414253,9,0,3,-0.03849695927717469,1.5710125521502711,1.8501312841068616
550,-3.8336878,9,1,0,-0.010300836167656459,0.7084831007971213,1.7675570066158588
551,-40.082413,9,0,3,-0.019924723310396075,1.7119091742982466,1.6625388264656067
552,-45.474037,9,0,4,0.049475914591716394,3.171521282858319,1.6120377116733127
553,-32.637794,9,0,3,0.013043799748023352,1.9336883703039751,1.6676903168360393
554,-32.08196,9,0,3,0.033461669459939,1.708505669236183,1.5319978237152099
555,-27.881063,9,0,3,0.03656347654759884,1.726003947854042,1.7209137797355651
556,-26.488892,9,0,3,0.026621450732151667,0.8617127619683742,1.7172391970952352
557,-36.69527,9,0,3,0.015530631877481937,2.4456602539867163,1.6410179495811463
558,-27.767538,9,0,2,0.000343617879682117,0.6178331462045511,1.6613788803418477
559,-26.734026,9,0,2,0.001811978661201217,1.41291217031804,1.6508342136036267
560,-37.095737,9,0,3,0.013876749388873576,2.4547207728028297,1.5354044079780578
561,-29.08117,9,0,3,0.0035381106516489615,1.405378243384453,1.5146103088672345
562,-33.566242,9,0,4,-0.01695452320079009,1.3394628833565447,1.6276763280232747
563,-34.125862,9,0,3,0.01709309034049511,2.127755361863158,1.578413638201627
564,-29.180683,9,0,2,0.0053333076648414135,1.3359821817527215,1.5538780391216278
565,-7.633487,9,1,0,0.03742476645857096,1.556706093562146,1.5941082338492076
566,-40.960266,9,0,4,-0.0012137526313641242,3.6530870539801463,1.7389102493013655
567,-33.04309,9,0,3,0.01776380595915458,0.8646085025633082,1.735818491262548
568,-34.438377,9,0,3,-0.015584518760442733,2.333188514970243,1.8173650860786439
569,-39.65904,9,0,3,-0.024021011777222157,2.8058661868174872,1.8359264135360718
570,-23.637539,9,0,2,-0.0031316796825690703,1.0316004624420947,1.7991404750130393
571,-35.745823,9,0,3,-0.008976027253083885,4.710993145592511,1.7901993542909622
572,-26.551083,9,0,3,-0.005522231172238078,0.5780259647539684,1.7350554806845528
573,-32.65898,9,0,3,0.00944160328557094,1.412139368088295,1.640807310740153
574,-24.030499,9,0,2,0.023831332781507324,0.6928982962854207,1.7154842813809712
575,-40.25614,9,0,4,-0.017414068647970755,1.7586006216394405,1.6717975238958995
576,-34.63667,9,0,3,0.0011362035293132067,0.8193676355294883,1.5577904731035233
577,-27.45325,9,0,3,-0.014527049846947193,1.379193998950844,1.4918759663899739
578,-31.992535,9,0,3,0.011595653370022774,1.7719141179695725,1.481148898601532
579,-33.714046,9,0,4,0.016340679489076138,1.170718208886683,1.5438608527183533
580,-34.172134,9,0,3,0.012337144065116133,1.8531115679070354,1.748955820287977
581,-24.252224,9,0,3,-0.001045249286107719,1.1244932484220376,1.820275610143488
582,-26.44053,9,0,2,-0.014597420365764545,1.3857722626282618,1.8125017973092885
583,-34.569603,9,0,4,-0.009176670263210932,1.303191117114491,1.8259754048453436
584,-35.795303,9,0,3,0.00024085740248362222,2.0203617517318992,1.8682546748055353
585,-33.56294,9,0,3,-0.025934756866523197,0.6072583312966994,1.735115987913949
586,-32.429504,9,0,3,-0.004153186144928138,1.4672570656985044,1.833899865547816
587,-42.957573,9,0,4,-0.03865804097482136,3.32136592668082,1.8359813008989607
588,-28.461096,9,0,3,-0.02620541175397543,0.8385974015467442,1.7828470010023851
589,-40.20555,9,0,3,-0.006659585696000319,1.2488194434688642,1.820418724646935
590,-36.71277,9,0,3,0.04337903435031573,1.316691192612052,1.8655118385950724
591,-37.532284,9,0,4,-0.01102072476512856,1.2663972965545125,1.9211132261488173
592,-39.96542,9,0,4,-0.02926582537059273,5.263414092894111,1.8836927243641444
593,-40.919487,9,0,4,-0.01548904413357377,6.999208839610219,1.82598477602005
594,-34.099678,9,0,3,-0.04313815055558315,2.4260756912139745,1.870220083456773
595,-31.494047,9,0,3,-0.031903579492460594,1.390199405903166,1.8503089384599165
596,-31.008713,9,0,3,-0.018905123526399784,1.500215850093148,1.8305128812789917
597,-43.398212,9,0,4,0.008607337484136224,3.403843971900642,1.8371241241693497
598,-31.584936,9,0,3,-0.035643149788180985,2.371338795249661,1.8768596649169922
599,-29.000317,9,0,3,0.009169007134106424,1.0772147037916713,1.8306987682978313
600,-32.353676,9,0,3,-0.00951454248279333,1.3295579463243485,1.8699472427368165
601,-45.25987,9,0,4,0.01799820140004158,7.381059591472149,1.921637225151062
602,-41.707546,9,0,4,-0.0020531250370873343,1.2765507068898942,1.958136690987481
603,-38.800148,9,0,4,-0.025469318439718336,1.92605884000659,1.9781299531459808
604,-32.02565,9,0,3,0.000618231191765517,1.0146839995868504,1.9625661373138428
605,-38.77175,9,0,3,0.010128742083907127,2.4183928939429196,1.9552743434906006
606,-31.313826,9,0,2,0.00458243303000927,1.1160526424646378,1.9553107519944508
607,-28.68636,9,0,2,-0.010431233793497086,1.1296603104897909,1.9622062955583846
608,-28.629374,9,0,3,0.020056942415734132,1.0816724568605423,1.938063955307007
609,-31.821007,9,0,3,0.01370574873206871,3.294414933371757,1.9673022883278983
610,-22.67221,9,0,3,0.008017732699712118,0.5053367664416631,1.9506496747334798
611,-31.06527,9,0,3,0.0007527658664104012,3.1985202787650957,1.9154452217949762
612,-24.344955,9,0,2,-0.0026671821251511574,0.9307464933288949,1.8999685219355993
613,-28.315922,9,0,3,-0.05705737757186095,1.646027438549532,1.8549421893225775
614,-21.135098,9,0,1,0.010089000420910972,0.9251380819561226,1.7766646487372262
615,-29.299768,9,0,3,0.024957314420204896,0.8834013144414012,1.668621879357558
616,-19.62161,9,0,2,0.005456747021526098,0.8802048670477234,1.594903089106083
617,-32.994175,9,0,3,0.00679630765484439,3.1499454139007463,1.7260208394792345
618,-36.506886,9,0,3,0.002399897202849388,3.0011729802936316,1.7556956112384796
619,-41.083145,9,0,4,0.008128491126828723,2.7787577158047094,1.8151716391245525
620,-35.906696,9,0,3,-0.004910109913907945,1.5932425191858783,1.862492062151432
621,-24.90449,9,0,3,-0.016303078186782925,1.5406478551978415,1.8863365108316594
622,-24.218483,9,0,2,-0.005270122550427914,0.8175260771531612,1.8699494451284409
623,-37.862465,9,0,3,-0.0014052468218973704,2.465253067602004,1.8121080994606018
624,-38.854942,9,0,3,-0.014325127174908464,1.744790487668731,1.8220698183233088
625,-29.483229,9,0,3,-0.017414327710866928,1.1713394697755575,1.8138890981674194
626,-31.58237,9,0,3,0.025795437395572662,2.36447025090456,1.8274448066949844
627,-37.346714,9,0,3,-0.014030143110589548,1.7882611335001208,1.8282072110609575
628,-34.3747,9,0,3,0.01605984289199114,1.0660929725106274,1.8298905151230949
629,-32.988106,9,0,4,-0.008216297084634954,1.2874118750068275,1.8373497074300593
630,-29.886894,9,0,3,0.018596480910976727,0.7665708878388008,1.8438869416713715
631,-40.72987,9,0,4,-0.04269150272011757,1.202735525245468,1.8671648005644481
632,-38.22178,9,0,3,0.007442140827576319,1.5412546773751576,1.8199861764907836
633,-27.357166,9,0,3,-0.05338306948542595,1.206165524199605,1.7671472430229187
634,-25.444405,9,0,3,0.022833310497494843,0.33027627720282626,1.695552138181833
635,-34.702984,9,0,3,-0.02714986416200797,2.183902750412623,1.6765425205230713
636,-30.790928,9,0,3,-0.024457498586603572,0.7791384274938277,1.7315792867115565
637,-32.798553,9,0,2,-0.02501840197614261,2.16900337307847,1.7826469710894994
638,-36.796013,9,0,3,0.025572214275598526,2.48097879315416,1.7470995386441548
639,-31.5364,9,0,3,-0.044844657847923894,0.9975655113479921,1.8215524554252625
640,-36.483612,9,0,3,-0.0022943340241909026,2.7734089069068433,1.8035573482513427
641,-40.21196,9,0,3,-0.012304266216233373,1.1298171384260058,1.8129982650279999
642,-42.27794,9,0,4,0.02379677299824026,1.4944032844569948,1.7912743091583252
643,-25.049686,9,0,2,0.00968188097079595,0.5012301149467627,1.8108749866485596
644,-28.94849,9,0,3,-0.00855893303047527,1.4330430748787792,1.8492711674083362
645,-33.62704,9,0,4,0.002692155126068327,1.4650406688451767,1.8867064714431763
646,-32.633953,9,0,3,0.0033513145664563547,1.0113440413887684,1.9268815517425537
647,-33.598778,9,0,3,-0.011077042669057846,1.110579484825333,1.8857055028279623
648,-40.37936,9,0,3,-0.0078085634857416155,3.7546301914379,1.847994899749756
649,-35.30435,9,0,3,0.006628732196986675,1.6909267753362656,1.8165899117787678
650,-37.371353,9,0,4,-0.02679615995536248,0.973334189504385,1.837413599093755
651,-19.427591,9,0,2,-0.010628383058835478,0.5350316725671291,1.9281239088843851
652,-27.76659,9,0,2,-0.02715023048222065,1.4409440386419494,1.9412380854288738
653,-31.87442,9,0,3,-0.006142545677721501,2.076152428984642,1.8933526754379273
654,-27.346346,9,0,3,-0.0023930833082307468,1.8919121910902588,1.905094948681918
655,-38.047882,9,0,4,-0.03334773387759924,1.9840413473546505,1.8682165622711182
656,-25.962029,9,0,3,-0.017083119973540305,0.5448765839139621,1.8318304379781087
657,-29.927109,9,0,2,0.0006648723322611589,0.9948407580646185,1.8157464907719538
658,-32.28494,9,0,2,0.005709390944013229,1.83933712169528,1.901859741944533
659,-31.625208,9,0,3,0.020568192874391874,0.7111603312194348,1.9605438947677611
660,-28.399376,9,0,3,-0.02739796368405223,0.752672974485904,2.033484240372976
661,-34.209724,9,0,3,0.021997405359378226,1.18211185058149,2.0562479954499464
662,-27.138954,9,0,3,-0.046620128506963905,2.2503317816352304,2.0540939569473267
663,-29.963163,9,0,3,-0.004484234750270844,1.2522270113229752,2.0502124428749084
664,-36.622528,9,0,3,-0.010766111906956543,2.4622002347287806,2.0691536123102363
665,-31.134678,9,0,3,-0.0011834170048435528,1.089686947253843,2.075281818707784
666,-25.879961,9,0,2,-0.01849641477955239,1.3905433980481965,2.0652626752853394
667,-20.19642,9,0,1,-0.00017965104626981834,1.2961931421764588,2.077677613810489
668,-33.081676,9,0,3,-0.006095669128828579,2.633812244153685,2.0874404907226562
669,-34.790237,9,0,4,-0.021253078889388304,0.8303170953519069,2.0515685815077562
670,-34.058754,9,0,3,0.004834467974992899,0.7702319475893791,2.0436032643684974
671,-30.512804,9,0,2,0.023509173797300227,1.2095765934254115,2.025737716601445
672,-29.540127,9,0,3,0.019589872744220953,1.0712623870573366,2.0331957248541026
673,-32.337955,9,0,3,-0.0011750043680270512,2.134756326985856,2.0573799312114716
674,-46.683224,9,0,4,0.016119530657306314,2.709269270300865,2.0406704545021057
675,-25.742428,9,0,2,0.02031706284512492,0.7586368968819871,2.017204572172726
676,6.6625743,9,2,0,-0.021531847305595875,0.8015095773670409,2.020466446876526
677,-29.437042,9,0,3,0.007291617210615765,1.6321377391842278,1.99796292998574
678,-28.269566,9,0,3,-0.025899233296513557,1.443795131477104,1.980953660878268
679,-40.220768,9,0,4,-0.0035055873449891806,2.1235899925231934,1.9435748755931854
680,-28.938828,9,0,3,-0.027017971314489842,1.6039693139493465,1.9417378783226014
681,-31.89651,9,0,3,-0.02984453644603491,0.8156171711161733,1.9597593943277996
682,-21.27658,9,0,2,0.03077944998557751,1.011944256722927,1.9384445869005644
683,-27.475029,9,0,3,0.008708039298653603,1.544463648037477,1.9569069147109985
684,-32.86883,9,0,3,-0.013500107165712576,2.1117000029637265,1.947214199946477
685,-32.26956,9,0,3,-0.010202971597512564,1.1616223023997412,1.922433614730835
686,-22.49588,9,0,2,0.006373534444719553,1.4105526208877563,1.9482607940832775
687,-35.971214,9,0,4,-0.009952341904863715,1.9215880203992128,1.9249193668365479
688,-25.717232,9,0,3,-0.0034078094875440003,1.0983574528247118,1.9359969973564148
689,-36.960976,9,0,2,-0.024898173626173626,2.3807172043757006,1.9079942378130825
690,-29.040163,9,0,3,-0.031316375670333706,0.5011294865980744,1.90421661734581
691,-29.873516,9,0,2,-0.0036332577544574934,1.724163941293955,1.874919096628825
692,-30.931465,9,0,3,0.003014573039343724,0.876355274222218,1.8628091261937068
693,-23.640974,9,0,2,0.027254842078456513,0.9214226546195837,1.882859936127296
694,-26.360174,9,0,2,-0.015770334377884866,0.7504322590927283,1.925971555709839
695,-23.852272,9,0,2,-0.0040240913319091005,0.7757459102819363,1.90922212600708
696,-22.297379,9,0,2,0.009465532874067624,0.46956805412968,1.8973207076390584
697,-32.022156,9,0,3,0.014150627960379306,1.308463261104547,1.8806555271148682
698,-31.86469,9,0,3,0.04804202955630091,3.321095849490828,1.9168151219685872
699,-24.86958,9,0,2,0.02356611524841615,1.429991643975622,1.961787964616503
700,-26.694283,9,0,2,0.0009092105449073844,0.5863801363545159,2.0013290378782482
701,-34.14434,9,0,3,0.028978595277294517,3.603110648691654,2.026893675327301
702,-28.307034,9,0,2,0.032021597027778625,2.0774238403472634,2.0240054263008966
703,-33.641518,9,0,4,-0.005541971139609814,0.6098830122500658,2.0320927143096923
704,-22.600307,9,0,2,0.015467360482684203,0.6025470295654876,2.0697914702551707
705,-29.46713,9,0,2,-0.006987806595861912,1.9909086745232343,2.0853164434432983
706,-20.648071,9,0,1,-0.012933043638865153,2.22070737828811,2.0957571347554524
707,-39.77796,9,0,3,-0.03853621737410625,1.6816481788021822,2.036805252234141
708,-29.676044,9,0,3,0.013954033228484068,1.556358922442252,2.044110504063693
709,-25.905632,9,0,3,-0.012003099072899204,0.8656790854874998,2.0192028656601906
710,-34.153633,9,0,3,0.013871125948543731,1.4706894662231207,2.0221695074668298
711,-39.027367,9,0,4,0.027533130021765828,1.7300949771888554,2.0425992906093597
712,-35.19993,9,0,4,0.002820109366439283,1.4515930693596601,2.069181966781616
713,-42.56785,9,0,3,-0.019401008677151468,3.217525564961963,2.098309808307224
714,-26.45903,9,0,2,0.011194682887030972,1.4008988757721252,2.0965603987375894
715,-34.57734,9,0,4,0.003182920254766941,1.8608342159539462,2.0884984135627747
716,-18.348936,9,0,2,-0.02260167757049203,0.6057918622779349,2.07202140490214
717,-19.35847,9,0,1,0.007393695075403561,1.3305520378053188,2.0632613680579444
718,-27.978645,9,0,2,0.015924859046936034,1.8448542140424251,2.0594228386878966
719,-29.442307,9,0,3,-0.019183185205540874,0.9212102220309052,2.0610905343836006
720,-22.522518,9,0,2,-0.013511928299871774,0.5401779024933393,2.0131438695467434
721,-38.62558,9,0,3,0.014221100305969065,2.0576266588812526,2.0499732060865923
722,-32.826447,9,0,3,0.008080464228987694,1.1666545700281858,2.046353244781494
723,-33.674534,9,0,3,-0.014592769090086222,0.9467657403304026,2.0463161835303674
724,-33.215416,9,0,3,0.017389077621583756,1.077830896497919,2.0181015729904175
725,-34.812927,9,0,3,-0.007056368825336297,1.7424589488655329,1.9994625846544902
726,-36.17081,9,0,3,0.031878402922302485,2.3790321770745018,2.0141460299491882
727,-25.739979,9,0,2,0.014068503889979588,0.6530668642371893,2.0625930892096624
728,-25.357033,9,0,2,0.011022720175484816,1.4877221191612382,2.1027438640594482
729,-25.136766,9,0,2,-0.40602727220035517,1.6962939790235116,2.112818791316106
730,-26.51501,9,0,2,0.004349135594176394,1.2114815533693348,2.113906349454607
731,-26.6437,9,0,3,-0.008123631402850152,0.5084854668627182,2.127163378397624
732,-31.21183,9,0,3,0.01397702842950821,1.9685080490695934,2.0884804725646973
733,-42.607048,9,0,4,0.009796117246150971,1.8997057755477726,2.0796430826187136
734,-27.907063,9,0,3,-0.0044272000399919655,0.4334034590193859,2.0837311561291036
735,-34.39744,9,0,4,0.013647696417238977,3.148156316536996,2.08170575565762
736,-32.35494,9,0,3,0.010608232683605619,2.3819835467471018,2.083028793334961
737,-20.071833,9,0,1,0.0018589842532362258,0.8027300974797635,2.082948923110962
738,-37.04971,9,0,3,-0.007419902249239385,1.3383445057552308,2.0570850893855095
739,-25.344193,9,0,2,-0.014004363085735928,0.7879116138951345,2.0696734298359263
740,-28.76226,9,0,3,-0.019927060580812395,0.7058521122671664,2.0337860782941184
741,-28.336487,9,0,2,0.004039196164480278,1.0215171703270503,2.01559385231563
742,-30.001907,9,0,2,-0.008009328890372725,0.6787793312002631,2.011964804985944
743,-34.464725,9,0,3,0.025637953438692622,2.500706295379334,1.996127552456326
744,-22.945152,9,0,2,-0.015808466289724623,0.9208478163927794,1.9914892315864563
745,-32.048702,9,0,3,-0.00470077566569671,0.5452047290746123,1.9669649749994278
746,-27.642153,9,0,2,-0.03315310423763899,1.0913499721970696,1.7909714717131395
747,-32.662746,9,0,3,-0.018369049680503933,2.5351272086528214,1.6144031394611706
748,-31.527897,9,0,3,0.007154612717303363,1.3040225647220558,1.5390509150244973
749,-22.955217,9,0,2,0.01830944844654628,0.6869991932596479,1.532780306679862
750,-35.070457,9,0,3,-0.007588759729904788,1.913366251891213,1.5869117890085493
751,-42.003494,9,0,4,0.017036431683943823,1.4584386019895856,1.675018072128296
752,-34.06104,9,0,3,0.009267042577266692,2.204302770271897,1.711229920387268
753,-31.443733,9,0,2,0.04625397069113595,1.3164885807782412,1.799380591937474
754,-24.148722,9,0,3,0.009616367425769568,0.4865115175023675,1.9583456993103028
755,-20.75334,9,0,2,-0.031555721652694046,0.7123368027387187,1.9827708303928375
756,-30.09143,9,0,3,-0.0015244632959365845,0.6141957573592662,1.8737138191858926
757,-27.381739,9,0,2,0.010790757602080703,3.5417061210609972,1.756264865398407
758,-31.067192,9,0,3,0.04913812316954136,3.343793639726937,1.821439266204834
759,-35.059853,9,0,4,0.01864112028852105,3.878971070982516,1.9369664192199707
760,-35.197365,9,0,2,-0.0029718013337025275,2.438261486016787,1.9765575023797841
761,-19.288486,9,0,2,-0.020831946416624954,0.6888535735862595,1.9553662283079964
762,-32.41456,9,0,4,0.015805065631866455,1.112243959473239,1.9359608358807034
763,-42.03571,9,0,4,-0.0018722085903088252,2.3287370316684246,1.9724743233786688
764,-30.87802,9,0,3,0.022746966530879337,1.3368570916354656,1.986985445022583
765,-25.867622,9,0,3,0.020631212168014966,0.8834250771368926,2.0057549476623535
766,-21.35242,9,0,2,0.010683162352786614,1.2528526652604342,2.0090668201446533
767,-27.876595,9,0,2,-0.010012917549294583,1.40506540457992,2.044493829502779
768,-22.14796,9,0,2,0.025166285009338304,1.0116875466818993,2.0039036915852475
769,-48.977463,9,0,4,0.02938460372388363,4.330495199654251,2.0286740958690643
770,-28.689068,9,0,3,-0.004940369524634802,0.4600744404328557,2.0520617961883545
771,-28.708458,9,0,3,-0.008683724687076531,0.5397991128265858,2.0203813864634586
772,-30.152603,9,0,2,-0.011984869172530515,0.8342322685888836,2.0514317580631802
773,-32.33,9,0,3,0.016157558336007325,1.637425679374825,2.0334654287858442
774,-27.653164,9,0,3,-0.024179178290069103,0.6641563600195306,2.007377896990095
775,-37.207287,9,0,4,-0.05379129728923241,0.9769132087628046,1.9728174110253651
776,-36.27348,9,0,4,-0.054335058022003904,0.7405014688578936,2.022938765012301
777,-20.596537,9,0,2,-0.03514391345282396,0.7091671548783779,2.03220911026001
778,-28.875353,9,0,2,-0.01585488731507212,0.9587291399948299,2.02482058852911
779,-39.786533,9,0,3,0.030020279379991386,1.5560983342046921,2.067334156769973
780,-27.227978,9,0,3,-0.010428527990976969,0.417933851853013,2.081408945719401
781,-34.59527,9,0,2,0.018692730822496943,2.7055419973201222,2.079535272386339
782,-33.693676,9,0,3,-0.011009470293564456,0.9051642746531537,2.0943144474710738
783,-30.305536,9,0,3,-0.03387594626595577,0.7377216946333647,2.0957467953364053
784,-37.97792,9,0,4,-0.007986560929566622,1.8731719348579645,2.101921796798706
785,-37.703053,9,0,4,-0.007635789380098383,0.9933351498718063,2.1120646595954895
786,-44.005676,9,0,4,0.005427572669254409,2.090001521528595,2.0983070532480874
787,-31.064735,9,0,2,-0.01857182655770045,1.8687800914049149,2.110883492689866
788,-28.118351,9,0,2,-0.012810760008340532,0.6550895956937562,2.108590830456127
789,-31.242668,9,0,2,-0.024399191606789827,1.4248267804436825,2.0551730113870956
790,-29.034985,9,0,3,-0.02950641803909093,1.0906628175871447,2.0165598690509796
791,-31.129055,9,0,4,0.010962259334822496,1.232509177760221,1.984993616739909
792,-29.619747,9,0,3,-0.025376397371292114,0.5797489973405997,2.009441693623861
793,-31.398766,9,0,2,-0.05358144633161525,1.6950486960510414,1.9602257212003071
794,-33.543243,9,0,3,-0.018032341908950072,1.151036445481273,1.9507306814193726
795,-41.90049,9,0,4,-0.02165624196641147,3.1625656401738524,1.894774153828621
796,-31.924782,9,0,3,-0.033526484007862484,2.3663400049236687,1.9514033035798506
797,-27.834663,9,0,3,-0.006515306348984058,0.8671589870578967,1.9252362526380098
798,-21.58894,9,0,2,-0.021412949015696844,0.7237734501560529,1.9320440530776977
799,-29.37616,9,0,3,-0.042603038916630406,1.1627639079732555,1.9381349853106908
800,-27.699604,9,0,1,-0.012720258139512119,2.140724244144033,1.9358396460028255
801,-36.95517,9,0,3,-0.010040893147771176,1.345811712054106,1.8936109176048865
802,-36.6831,9,0,3,-0.025520269415880505,0.7268694548034355,1.8682471890198558
803,-41.56495,9,0,4,0.03791221293310324,4.96272208293279,1.7861673434575398
804,-26.854351,9,0,2,-0.0014410758096920816,1.362959632061814,1.9036337011738826
805,-28.393894,9,0,3,-0.011139877672706331,1.2356782739848964,1.9007966092654638
806,-27.500267,9,0,3,-0.04003270976245403,1.5940991586695115,1.9252976258595784
807,-31.904383,9,0,3,0.005218532557288806,1.0935526255828638,1.8894101083278656
808,-32.525032,9,0,3,-0.0021174254573204303,1.035307602110234,1.9084817604585127
809,-19.763004,9,0,1,-0.005909414085395196,1.2348133412682836,1.952400901738335
810,-38.032158,9,0,3,-0.012451028308043113,1.7987336348025844,1.9527062085958629
811,-36.95894,9,0,3,-0.012313404555122058,0.9871698491585751,1.9352052450180053
812,-32.860638,9,0,2,-0.03567713491905194,3.5168340779267826,1.9487187220500066
813,-24.122545,9,0,2,-0.016805734071466658,0.9428014771805869,1.926784833272298
814,-36.87149,9,0,3,-0.011182698167183182,1.476588005538691,1.8609878041527488
815,-29.619951,9,0,3,0.028313901896278065,1.3802680818157063,1.865625301996867
816,-25.303062,9,0,2,-0.013051815669644962,2.1374003026973116,1.9079951373013584
817,-24.302242,9,0,2,0.002905279945801286,0.6268240650567938,1.9134615519467522
818,-37.163822,9,0,4,-0.01487726904451847,2.8849489699516977,1.9769514969417028
819,-40.26483,9,0,4,-0.005241648061200976,4.149702495429665,1.9864132106304169
820,-44.58435,9,0,4,-0.01575427744537592,2.406290421076119,2.0020654082298277
821,-33.878372,9,0,3,-0.022741799666122955,1.7429026805541732,2.037631403316151
822,-37.85856,9,0,4,-0.02066721359733492,2.005024366080761,2.047701194882393
823,-27.63026,9,0,3,-0.008988263209660848,0.6667876881236832,2.039603614807129
824,-25.673588,9,0,3,-0.01465293038636446,1.0143213257193566,2.01662335395813
825,-40.783554,9,0,3,-0.0024500245658250954,1.6452996306694472,2.0023336593921366
826,-31.167582,9,0,3,-0.003634558736600659,1.523091927848079,2.0363705808466133
827,-23.408249,9,0,3,0.011293846049479075,0.5761842456247125,2.037273475102016
828,-32.112152,9,0,3,0.016139520487437647,0.906839975543941,2.0241929988066354
829,-33.516357,9,0,3,-0.0015017615838183297,1.0860133330958586,2.0484895639949374
830,-26.68038,9,0,3,-0.012171662598848342,0.9917795432731509,2.0372607469558717
831,-29.265982,9,0,2,-0.008598004600831441,1.3737343125311392,2.0497110741479054
832,-34.144634,9,0,3,-0.01362394355237484,1.7171092455585797,2.04323493109809
833,-24.768223,9,0,3,-0.012200504287400028,0.8495498245412653,2.0345340858806265
834,-36.77505,9,0,3,-0.007051814161241054,1.6876939602196217,2.0199345111846925
835,-36.2833,9,0,4,0.031626913903488055,1.1027854043576453,2.0419778294033475
836,-43.342613,9,0,4,0.0027852348983287813,1.625797698646784,2.0330753326416016
837,-27.612244,9,0,3,-0.009333844550631264,1.2574502859603276,2.0670677531849253
838,-35.73245,9,0,3,-0.01939231890719384,0.730288824532181,2.0815943479537964
839,-23.797005,9,0,2,-0.004001755965873599,0.5622145992820151,2.068064406514168
840,-32.157284,9,0,3,0.0012306610329283609,2.242586920658747,2.0667583545049033
841,-28.65047,9,0,2,-0.009595399832024294,0.6478019828415092,2.0365683611701515
842,-30.196487,9,0,3,-0.0015374429743079579,1.0836237260852666,2.048745225457584
843,-36.709045,9,0,4,0.023369278060272336,3.780965173151344,2.0339767038822174
844,-40.836422,9,0,4,0.01063550856303085,2.1419276344505223,2.056711261922663
845,-38.222652,9,0,3,-0.006606713940317814,1.067032236032761,2.082123334591205
846,-31.316025,9,0,4,-0.02809549793601036,0.9876194059848785,2.075607490539551
847,-38.385727,9,0,4,-0.002250424772500992,2.181715901196003,2.09463255405426
848,-36.58086,9,0,4,-0.00023460264007250467,1.5326435541113217,2.1080051792992487
849,-44.177544,9,0,4,-0.01389876256386439,1.9257189633014302,2.0959114531675973
850,-33.38456,9,0,3,-0.002077207972223942,0.7272177735486856,2.0995221871596117
851,-28.302296,9,0,3,-0.025699999881908298,0.6198568652616814,2.0705831199884415
852,-28.45756,9,0,2,-0.007123072989858114,1.1391799204911177,2.054679173689622
853,-28.144215,9,0,2,-0.02177801402285695,1.5501244601327926,2.0553582489490507
854,-25.532898,9,0,2,-0.016557407099753618,1.7567923174938187,2.0350669100880623
855,-24.372175,9,0,2,-0.02230038910749413,0.6010127486217589,2.021754401070731
856,-31.914799,9,0,3,-0.02413101466372609,1.4117297735065222,1.999663031101227
857,-31.69481,9,0,3,-0.02975430116057396,2.5215150504373014,1.9746400833129882
858,-33.81616,9,0,2,-0.028687330156875152,2.239425568220516,1.9653747081756592
859,-33.35694,9,0,3,0.005530098949869474,1.088129880776008,1.947807248433431
860,-23.02124,9,0,2,-0.030070573581676734,0.5732728684026944,1.952848898737054
861,-33.597313,9,0,3,-0.01536691797276338,1.433512590577205,1.9814807256062825
862,-38.923878,9,0,3,-0.02548605886598428,0.716984481861194,1.9397998412450155
863,-29.894032,9,0,3,-0.031119836832989346,0.9173765074123036,1.9072707132859663
864,-30.8121,9,0,1,-0.010300859808921814,1.3236937797873427,1.9408264222897982
865,-36.682705,9,0,4,0.005836269286062036,1.602482336972441,1.9224658012390137
866,-44.02336,9,0,4,-0.024569095112383366,1.1705520773151268,1.9558834632237752
867,-31.228928,9,0,3,0.0034711103487227645,0.7180376824523721,1.9632607187543596
868,-30.781107,9,0,3,-0.028465219618131716,0.6825286887275676,1.9721222221851349
869,-31.487343,9,0,2,-0.015182360329411247,2.2606231929226355,1.9763039350509644
870,-24.75544,9,0,2,-0.028178487638277665,1.3176165869725602,1.9559907742909022
871,-27.930944,9,0,3,-0.0018445949714917403,0.6333127868576691,1.9475940282528217
872,-34.80439,9,0,3,0.033029580488801,2.4448196458526783,1.927291923099094
873,-30.788551,9,0,3,-0.0073648599597315,0.9307452974220117,1.9590305387973785
874,-35.46958,9,0,3,-0.0019326535984873772,2.6364526336546987,1.9593157668908436
875,-27.140087,9,0,3,-0.0184820966484646,0.8860012981264541,1.964975396792094
876,-27.68506,9,0,3,0.007985731586813927,1.235420385748148,1.9719679355621338
877,-28.26609,9,0,2,-0.025500703203891004,2.3753974150334085,1.9716880576951163
878,-24.96268,9,0,2,-0.01930028386414051,1.0268470248828332,1.9830496788024903
879,-23.844131,9,0,3,0.0008796893858483859,0.6943211831884193,1.9553632991654533
880,-23.13187,9,0,2,0.0004558688960969448,1.4331524139270186,1.9599419434865315
881,-35.55516,9,0,4,0.0054486896842718124,1.355938760055737,1.9775753779844805
882,-32.447784,9,0,3,-0.020725146652414247,1.833537840212767,1.9742899582936213
883,-41.90225,9,0,4,0.015888983849436045,4.848979012109339,1.9997637271881104
884,-36.84758,9,0,4,-0.007728336717594753,0.7516769030216065,1.9851930358193137
885,-19.366043,9,0,1,-0.0021779372223785947,0.99238696561328,2.006491082055228
886,-26.026588,9,0,2,0.0034046352786176346,0.7022799272090197,2.0242622459636017
887,-42.26177,9,0,4,-0.01261099021543156,2.034362954680215,2.0474782423539595
888,-34.02824,9,0,3,-0.019311265003952114,1.3272802483036437,1.9675093997608533
889,-30.102276,9,0,2,-0.011401884789977754,1.5866275818552822,1.9108531475067139
890,-35.25766,9,0,4,-0.011149425567551092,0.6887746043503284,1.9128094044598667
891,-34.4675,9,0,3,-0.02581105042587627,1.6888514316048135,1.884789076718417
892,-17.439976,9,0,1,-0.007764796460313457,0.7517632144902434,1.9106933219092233
893,-36.878906,9,0,3,-0.012769707314231816,1.2125701766241999,1.917599362485549
894,-37.90293,9,0,4,-0.015745759615674614,2.9120300544425843,1.8939072966575623
895,-24.115715,9,0,2,-0.009621586077488385,1.581167552476892,1.8888566677386944
896,-28.442894,9,0,3,-0.018220550165726587,1.277957557199093,1.8424021830925574
897,-32.832283,9,0,3,0.011841789903965864,2.6012009033425287,1.7689882083372637
898,-31.107765,9,0,3,-0.03411314217373729,3.2794460114091635,1.714547261595726
899,-28.445723,9,0,3,0.01686837213734786,1.0361937509539227,1.8105340997378032
900,-25.739807,9,0,2,-0.015929504414089024,0.9165038551436737,1.8616840168833733
901,-30.463207,9,0,2,-0.057106159472217165,1.0717899740363162,1.8395027716954548
902,-35.05172,9,0,4,-0.0256982363228287,2.7131856070565328,1.6594302483967371
903,-31.692368,9,0,3,0.00022868718951940536,1.5394816067335861,1.7771158899579729
904,-40.738663,9,0,4,-0.04904110655188561,5.758785312436521,1.7399312734603882
905,-33.20869,9,0,3,-0.028987988363951445,1.4546153461560607,1.7313329428434372
906,-31.318151,9,0,3,0.036743644455617126,1.5150097716938367,1.7895692586898804
907,-37.379375,9,0,4,-0.011315152669946352,2.532322189046277,1.8763331042395697
908,-25.122179,9,0,3,-0.05412060348317027,0.4898503152653575,1.8610977828502655
909,-21.214817,9,0,2,0.0026200430897565987,0.6190401607981095,1.7819915734804594
910,-28.579472,9,0,3,0.01927536869278321,0.9743896364592589,1.8185674502299383
911,-31.508068,9,0,3,-0.021370454225689173,1.3359849895350635,1.926091839869817
912,-30.444906,9,0,3,-0.0069757901364937425,1.216873035824392,1.9733609780669212
913,-23.728565,9,0,3,0.023738254363147113,0.7413887773783734,2.0350264677634606
914,-31.596321,9,0,3,-0.004276034360130628,1.6227054535100858,2.027807013193766
915,-37.163136,9,0,4,-0.0189261669293046,2.0569075532257557,2.07868115901947
916,-28.356781,9,0,3,0.01653329362826688,2.0414957952286517,2.044511454445975
917,-27.865501,9,0,2,-0.02791018635034561,1.836555402725935,2.0822974920272825
918,-26.835861,9,0,3,0.0022444124333560467,1.4928685675064723,2.01023538907369
919,-37.857807,9,0,2,0.0037880493327975273,1.4449440053560667,2.021505852540334
920,-30.273638,9,0,2,-0.015573109428469952,1.4204229572071478,1.9906814556855421
921,-28.96882,9,0,2,0.009373456239700317,1.6996592943771527,2.0368124063198385
922,-33.076836,9,0,3,-0.018477385708441336,1.227896996308118,1.9927083055178325
923,-40.032707,9,0,4,-0.029778822724308287,3.33352271680321,1.967524460383824
924,-38.606407,9,0,4,-0.0277358146591319,2.3801477081659765,1.9217332866456773
925,-24.716908,9,0,2,-0.008526927636315426,1.0310142499705155,1.942134549220403
926,-28.733107,9,0,2,0.0012001767754554749,1.4733574135849874,1.955761303504308
927,-29.38174,9,0,3,-0.015109200775623322,0.5698458066831033,1.949062172571818
928,-35.024376,9,0,3,-0.013371451256366877,1.9460062396067839,1.8901758927565355
929,-33.4402,9,0,3,0.012558943233810939,0.8111018405224268,1.89934975367326
930,-41.356064,9,0,4,-0.013233862444758415,2.3269786942750215,1.9039381980895995
931,-23.59592,9,0,3,0.006234283305027268,0.8144507502121004,1.905814062465321
932,-26.753498,9,0,3,0.006432745462426772,2.0580446242999573,1.8607969834254339
933,-27.371721,9,0,2,-0.010980600491166115,0.800063900911482,1.7974475175142288
934,-23.097317,9,0,2,0.030476630411364815,0.9562353537502614,1.8229519128799438
935,-39.602966,9,0,4,-0.0037325173034332693,3.9643485550768673,1.9068877696990967
936,-33.621082,9,0,4,0.01560771997485842,1.2824942671826907,1.9623052733285087
937,-28.481335,9,0,3,0.002566088999932011,1.339437323467185,2.0592089692751565
938,-31.050385,9,0,3,-0.005050540591279666,1.1163914473727345,2.0733320116996765
939,-18.82989,9,0,2,0.00379925627600063,0.6373040830208496,2.0475392124869605
940,-41.891552,9,0,4,-0.01879920686284701,4.659033183422354,2.0443595780266657
941,-27.427809,9,0,3,0.025874832458794118,1.6523415071889758,2.015871560573578
942,-27.534332,9,0,3,-0.01350888077701841,0.6541947765674975,2.0153222594942366
943,-33.49243,9,0,4,0.0015675593167543411,1.6434354651719332,2.015793876214461
944,-40.1549,9,0,3,-0.0036516422405838966,1.4651071046693966,2.017234903115493
945,-27.419806,9,0,2,-0.032213117598610765,0.8996903826208675,2.0457467682221355
946,-38.034386,9,0,4,-0.004897373728454113,1.530203210003674,2.042632293701172
947,-24.431198,9,0,2,0.007468003012678202,0.6762304296717048,2.0452218336217545
948,-31.042715,9,0,2,-0.014588392339646816,1.0126828943880706,2.0586947110983043
949,-37.5513,9,0,3,-0.0014273877152138287,1.1864592694780893,2.0815890762541027
950,-37.05574,9,0,4,-0.0026403884461615235,1.7328913775272667,2.0735148906707765
951,-29.439005,9,0,3,-0.0070268623530864716,0.9511159639805555,2.0588851341834435
952,-27.981613,9,0,3,-0.02375221692702987,1.3129736633378675,2.0475009354678066
953,-27.085493,9,0,2,0.008773936382071539,2.1260620044036345,2.042463779449463
954,-35.02343,9,0,3,-0.005106805178981561,0.9375124043570116,2.0498389280759373
955,-30.785378,9,0,2,0.003979101311415434,3.307907836822172,2.053812265396118
956,-32.211014,9,0,3,-0.003678043265468799,1.3856342473568826,2.051795170857356
957,-25.446922,9,0,2,-0.001893686999877294,0.6594188207139572,2.05829971631368
958,-21.698946,9,0,2,0.008335937471950756,0.7105378523907241,2.0644895048702465
959,-33.175644,9,0,3,0.02433544918894768,1.644473941065371,2.059375047683716
960,-31.389425,9,0,3,-0.001500866562128067,1.9068001728504895,2.0765084981918336
961,-39.30024,9,0,4,-0.011353763234284189,2.2934659582873187,2.072149912516276
962,-31.539104,9,0,2,-0.007013547445901416,1.793313749303872,2.0867733738639136
963,-24.710648,9,0,3,0.005576799002786477,0.6995979128405452,2.0765502651532493
964,-22.812447,9,0,2,-0.006004897360172536,0.7709001739405923,2.06977469391293
965,-33.471786,9,0,4,-0.019964818842709064,1.0865817854180932,2.0728311061859133
966,-20.780304,9,0,2,-0.006512287520588591,0.6420238780287596,2.0663848290076623
967,-31.74392,9,0,2,-0.006055261008441448,3.5335254521109163,2.081903839111328
968,-35.65604,9,0,4,-0.030365741146462306,1.2737125254103117,2.0861477170671736
969,-21.871912,9,0,1,-0.0025640207835856605,0.7337571244193789,2.089853483087876
970,-18.10929,9,0,2,-0.00848433031485631,0.8695185860762229,2.0710708911602316
971,-29.363544,9,0,3,0.009493215275662286,1.5907145312854223,2.0645860263279507
972,-33.84526,9,0,3,-0.0030481563034382734,2.0985194603827866,2.0678983384912666
973,-33.821255,9,0,3,-0.005321371927857399,0.7904590874910354,2.049691979090373
974,-23.400494,9,0,3,-0.011247977275740017,0.6485417871312662,2.055119752883911
975,-43.28614,9,0,4,0.0048292819410562515,1.6981356251984834,2.083919644355774
976,-36.917107,9,0,3,0.010836410646637281,2.6615340621210635,2.1212391455968223
977,-45.55983,9,0,4,-0.013318284880369902,3.2856362203601748,2.129046529531479
978,-35.566914,9,0,3,-0.018391223910909433,1.540458096549488,2.113747083223783
979,-39.395718,9,0,4,-0.03224284408821,2.5059030224672623,2.0935050911373563
980,-34.358967,9,0,3,-0.0026556236358980336,2.0413220774692795,2.0730685194333396
981,-39.493107,9,0,4,-0.007949392544105649,2.349478522548452,2.0586515069007874
982,-36.95618,9,0,4,-0.014066261239349842,2.2420250372961164,2.040263846516609
983,-23.379095,9,0,2,-0.01696584513410926,1.457501759220447,2.05123576096126
984,-30.490356,9,0,3,-0.010485350154340267,0.6680948277935386,2.010499119758606
985,-45.392498,9,0,4,0.0054452984283367796,4.186890235170722,2.0040414929389954
986,-30.813168,9,0,4,-0.026684850826859473,0.5795627653598785,2.0198408126831056
987,-27.180674,9,0,3,-0.004949604719877243,0.37286502309143543,2.01254962682724
988,-35.288692,9,0,3,-0.009640981908887625,0.783777411095798,2.0244690626859665
989,-39.7105,9,0,3,-0.006189572624862194,2.806715508302053,1.9825014472007751
990,-34.318005,9,0,3,-0.042380116507411005,1.527798281237483,1.9914446711540221
991,-49.880188,9,0,4,-0.003223810078842299,3.749589561883892,1.9436058827808924
992,-28.435892,9,0,3,-0.008251144364476205,1.3060188703238964,1.9887924790382385
993,-22.512056,9,0,2,-0.033649308839812875,1.4190747663378716,2.0556335846583047
994,-22.309275,9,0,1,0.0032740001915954053,0.6047007867600769,2.075856737792492
995,-36.14151,9,0,4,-0.03639033026993275,1.9255765564739704,2.06067008972168
996,-24.580463,9,0,3,-0.008803618140518665,0.7041007600724697,2.0535445690155028
997,-25.534721,9,0,3,-0.008219564990962254,0.43692412095911365,2.0676393298541798
998,-34.501225,9,0,3,0.01828177273273468,2.8980853681763015,2.094845798280504
999,-27.617401,9,0,1,0.018608221017262516,1.5008648984572466,2.097193907288944
1000,-35.516922,9,0,3,-0.04511665842599339,3.376268611806962,2.126440895928277
1001,-32.03494,9,0,3,-0.016325934002032645,0.8568749220038836,2.084389044688298
1002,-26.152771,9,0,2,-0.019959109524885815,0.9808185586395363,2.0880378683408103
1003,-36.297283,9,0,3,0.005689818412065506,1.705366155339612,2.0446338653564453
1004,-26.029,9,0,3,-0.010170280552384529,0.8058995625681498,2.0747415802695532
1005,-30.039492,9,0,2,-0.022865275090390987,0.8023143197325143,2.076745119961825
1006,-23.234295,9,0,2,-0.007222761345260283,0.7511018240714774,2.100933404529796
1007,-33.498978,9,0,3,0.006534295901656151,1.77474120198749,2.108843183517456
1008,-30.591206,9,0,3,-0.005392981320619583,1.7835546536371112,2.127074360847473
1009,-28.893618,9,0,3,-0.007935205044654699,0.6825373258728248,2.1453928764049826
1010,-50.217613,9,0,4,-0.016624597646296025,3.427962322533131,2.1367908239364626
1011,-30.062157,9,0,3,-0.007544692760954301,0.5103775278354684,2.1381069819132485
1012,-30.242264,9,0,3,-0.001463606208562851,1.0116513131186367,2.136430335044861
1013,-31.428953,9,0,2,-0.01799586776863126,1.2273796295528026,2.158066791646621
1014,-18.307295,9,0,1,-0.007741014001011435,0.7744820585681332,2.1427370839648776
1015,-37.14609,9,0,4,-0.029600174476703007,1.665771695267823,2.0892041656706066
1016,-27.0077,9,0,2,0.0065664212840298814,1.5188149477665622,2.1012899974981942
1017,-29.476927,9,0,3,-0.0006561491948862871,1.1960448945562046,2.0981414119402566
1018,-26.728504,9,0,3,0.6084365578135476,2.574391851434484,2.1413215696811676
1019,-31.952675,9,0,4,0.0011485528031533415,0.4382272093895484,2.13153321092779
1020,-33.788483,9,0,3,-0.001835374627262354,0.8403013504575938,2.1534215807914734
1021,-32.653084,9,0,2,0.019312253470222154,1.9241299400726954,2.1716264883677163
1022,-34.35308,9,0,3,-0.004084741386274497,1.332996793401738,2.1646697719891868
1023,-30.537844,9,0,3,0.008825509216297756,1.3930811336772009,2.1648410233584316
1024,-34.422356,9,0,4,-0.008568155889709791,0.6920693928582801,2.167932218975491
1025,-37.749687,9,0,4,0.00010529125574976206,2.106728178448975,2.1596232652664185
1026,-34.505146,9,0,3,-0.006161192680398623,1.1807254475851854,2.1646947542826336
1027,-31.365305,9,0,3,-0.010986638321940388,0.38723455226447967,2.140691484723772
1028,-38.547134,9,0,4,0.015504463442734309,3.1419159354908124,2.1304828439440047
1029,-28.994873,9,0,3,0.01094558133798487,0.4932366130763994,2.099710127886604
1030,-28.204401,9,0,2,0.019742728831867378,2.229362791093687,2.0603063801924386
1031,-20.870323,9,0,2,-0.003546449006535113,0.981603775289841,2.103713274002075
1032,-36.208473,9,0,3,-0.01565595343708992,2.138277006250891,2.1252300956032495
1033,-32.36174,9,0,4,0.0019926312737740003,0.6639624047451295,2.131335130104652
1034,-24.598392,9,0,2,0.004357834905385971,1.1492008271316687,2.1355801582336427
1035,-32.584442,9,0,3,0.004658290543235266,1.952599583623501,2.171125210248507
1036,-41.642868,9,0,3,-0.005677065439522266,4.655675057508051,2.1642138719558717
1037,-36.6713,9,0,4,0.000608690083026886,1.2672588136047125,2.176416211658054
1038,-31.746826,9,0,3,0.0037465815504009905,1.4548745489177795,2.174484528028048
1039,-35.356438,9,0,4,-0.01019272655248642,1.1596584582701326,2.158878707885742
1040,-36.691257,9,0,2,-0.001193964760750532,0.7486891750246286,2.168905198574066
1041,-19.945353,9,0,2,-0.01858112881226199,1.2195060565801603,2.1439995084490096
1042,-26.159725,9,0,2,-0.017688475887883793,1.8117284190587022,2.094490809874101
1043,-24.148283,9,0,3,0.02005475839333875,0.7378750964999199,2.0343631420816695
1044,-27.36052,9,0,2,-0.01906260591931641,3.4395912205800414,2.0079310089349747
1045,-28.97021,9,0,3,-5.196322066088518e-05,1.3642810210585594,2.0175554951032004
1046,-35.909782,9,0,4,0.011571650858968496,3.1748689794912934,2.001219257712364
1047,-15.686058,9,0,1,-0.026467633034501756,0.9547119087406567,1.9484041588647025
1048,-41.23323,9,0,4,0.04602876822981569,1.6312942175815504,1.8917580048243205
1049,-28.222803,9,0,2,0.009563206074138483,0.9264012078444163,1.8422579685846965
1050,-36.21273,9,0,2,-0.010584601666778326,1.3365403961183295,1.911753283606635
1051,-30.152145,9,0,3,-0.030891566019919183,2.6759557152787843,1.930249770482381
1052,-35.89953,9,0,4,0.003439568215981126,0.9801133065484464,1.8790142039457958
1053,-32.206398,9,0,4,0.0192471852642484,2.175573685672134,1.8849557042121887
1054,-39.632835,9,0,4,0.0005154000329119819,3.388433825091592,1.920505336352757
1055,-40.075253,9,0,4,0.0262604613921472,3.391996903611081,1.9390984773635864
1056,-38.78864,9,0,4,0.0014211883768439292,0.7589420408010483,1.9843349695205688
1057,-29.872437,9,0,3,0.0022004007433469477,1.6966847523760338,2.0165593990912805
1058,-30.406414,9,0,3,0.016427560794082554,1.0152624933557077,2.0270518281243066
1059,-35.617744,9,0,4,-0.0194321246817708,1.405972309410572,2.0401605665683746
1060,-25.951029,9,0,3,-0.0006734606410775866,0.5958523771592549,2.0494133744921004
1061,-23.426682,9,0,1,-0.00029976024395889707,1.036250917137497,2.0286012358135648
1062,-36.54569,9,0,3,0.0087774058629293,2.444993735291064,2.0459418892860413
1063,-37.266457,9,0,3,-0.0036040444604375148,1.2569257012483748,2.0752888159318403
1064,-26.784286,9,0,2,-0.012037421131263609,0.541030443880869,2.0956231614817744
1065,-32.29639,9,0,3,-0.014306054952052923,1.6002443461464002,2.0695072687589207
1066,-29.38359,9,0,2,-0.0015414846794945852,0.5127082938949267,2.048259837286813
1067,-26.72712,9,0,2,-0.0025258536140124,1.329685489088297,2.0351123332977297
1068,-30.427315,9,0,2,0.006600160816950458,1.6720206125506334,2.0839419875826155
1069,-31.221022,9,0,3,-0.002887444570660591,0.7966245688231928,2.103769063949585
1070,-26.994118,9,0,3,0.01965909772975878,1.6523917468942024,2.1062914458188144
1071,-31.57043,9,0,3,-0.008773874152790417,1.8618835073641755,2.1024046811190518
1072,-27.91352,9,0,2,0.0010913524311035872,1.2960251464198034,2.109871208667755
1073,-26.468872,9,0,3,-0.002063268130379064,0.6033062966806548,2.0712988121168956
1074,-38.88179,9,0,3,-0.018053092231804676,2.143762994049625,1.9876740845766934
1075,-31.189234,9,0,3,-0.019838011103936216,2.1047965608198536,2.0194918459111992
1076,-27.935825,9,0,2,0.007031071550128135,1.1314369093796068,2.0128317204388706
1077,-23.501303,9,0,2,-0.0006605683515469233,0.9182856219510237,1.9898303906122843
1078,-28.158285,9,0,3,0.0015498206485062838,0.39646083241677843,2.0033625811338425
1079,-32.561825,9,0,2,-0.014938569689790408,2.076338927882413,1.980068564414978
1080,-32.566254,9,0,2,-0.01839517306070775,2.312687299773097,1.8623170495033263
1081,-31.56298,9,0,3,-0.005634537764957973,0.6954247461897987,1.8274782810892378
1082,-19.654629,9,0,2,0.053288814826653555,0.7713085718166369,1.8090405739270723
1083,-22.90971,9,0,2,0.003549934675296148,0.5355542744820316,1.9120726029078166
1084,-28.903877,9,0,2,0.001030944287776947,1.1120645681565458,1.9574900323694402
1085,-32.34456,9,0,3,0.010294000884251935,1.0606938652428133,2.007931794439043
1086,-22.962145,9,0,1,0.013660197495482862,0.7688587651355192,2.03815259039402
1087,-34.98802,9,0,3,-0.0017703572909037273,1.687955035145084,2.0419565359751384
1088,-35.033234,9,0,2,0.0034454837441444397,1.46416808689634,2.055474599202474
1089,-32.196514,9,0,2,-0.01157178112771362,0.705056723440066,2.0803893133997917
1090,-38.21342,9,0,3,-0.0007423872926405498,0.777650215796062,2.062884143420628
1091,-35.158073,9,0,4,-0.01946113569041093,0.8166137325266997,2.0316584606965384
1092,-26.014679,9,0,3,0.026882960545745762,0.8761124148626219,2.06128005547957
1093,-28.442232,9,0,3,-0.11128218999753396,1.384193389909342,2.0422802368799844
1094,-41.5239,9,0,3,-0.019073751134177048,1.7830770205085475,2.028632720311483
1095,-28.645508,9,0,3,-0.016691626581762518,0.5610729409381747,1.9647317102977209
1096,-27.976793,9,0,3,-0.023090045743932325,1.2294785110279918,1.9799057841300964
1097,-25.12777,9,0,3,-0.01763258393233021,1.1467937680426985,1.9835040767987568
1098,-33.79467,9,0,4,-0.038994919094774455,1.8174029576281707,1.9840016629960802
1099,-26.788616,9,0,3,-0.013394184534748395,0.3646321389824152,1.9910929918289184
1100,-32.053894,9,0,3,-0.023881897144019604,2.7887762181460856,1.9926400303840637
1101,-21.948181,9,0,2,-0.010006164759397506,0.7407421677062909,2.019178295135498
1102,-32.762817,9,0,2,-0.00010022356667939355,1.1115857774720472,2.0713384852689853
1103,-28.82494,9,0,2,0.01061239732163293,1.6828394667245448,2.0789365768432617
1104,-29.677353,9,0,3,-0.03146742805838585,1.7209305642172694,2.0729071855545045
1105,-48.37255,9,0,4,-0.008380325511097908,2.9007943756878376,2.091365396976471
1106,-31.93721,9,0,3,-0.00028356723487377167,1.4153570036093395,2.1277776757876077
1107,-36.18121,9,0,3,-0.009596419055014849,2.287032358115539,2.1419230898221335
1108,-28.168785,9,0,3,-0.0006843607407063246,1.7003530111784737,2.152843991915385
1109,-36.088287,9,0,3,-0.010458437850077947,0.927142798838516,2.1402546405792235
1110,-34.169334,9,0,2,-0.012782206137975058,1.9005365452418725,2.140478491783142
1111,-30.690693,9,0,4,-0.024599719453941692,0.4865364208817482,2.1198889342221348
1112,-29.654636,9,0,2,-0.008266521152108908,1.2547120999337897,2.1378659937116833
1113,-31.504166,9,0,3,-0.004593577522497911,2.1883479941349764,2.1245468029609094
1114,-28.433565,9,0,2,0.0054774031575237,1.6378991140518337,2.1456486327307567
1115,-27.537138,9,0,3,-0.009271240708502855,0.9670350920747627,2.1493613719940186
1116,-26.97687,9,0,3,-0.010591852789123854,0.4522920491794745,2.140265695254008
1117,-35.710617,9,0,3,-0.018607004778459668,1.742811320349574,2.130776047706604
1118,-34.823647,9,0,4,-0.03852276019752025,1.0542554874904453,2.1308643102645872
1119,-32.105984,9,0,3,-0.007298849523067474,1.1686449653158586,2.0968495110670724
1120,-27.101358,9,0,2,0.010634679968158403,1.0816386811435224,2.076751120885213
1121,-26.60484,9,0,3,-0.023321402791355337,0.5585559559985995,2.1072275808879306
1122,-39.573586,9,0,3,0.0015932092598328988,1.2027317901762824,2.1167382995287576
1123,-30.655478,9,0,3,-0.008442859595211653,0.6805560876113864,2.130325830899752
1124,-28.654915,9,0,3,-0.010461318539455533,1.1972837394901685,2.1496248756136214
1125,-27.83673,9,0,2,-0.005917899639290922,0.8496769095825798,2.1470941796022305
1126,-33.81798,9,0,3,0.012455668723718687,1.642805388705297,2.1458514603701504
1127,-22.135582,9,0,2,-0.008721909485757351,1.0033105822280048,2.1669743061065674
1128,-30.007072,9,0,2,-0.01839482926187061,0.4185767987122138,2.153183346702939
1129,-37.590164,9,0,3,-0.010412827267178468,1.0426680923971747,2.1418552739279613
1130,-33.331448,9,0,3,-0.014115484770048748,2.588752234185284,2.128636425191706
1131,-33.217346,9,0,3,-0.05065118661150336,1.8162097909177344,2.106757322947184
1132,-34.579025,9,0,3,-0.019715653732419014,0.841712123049157,2.0928706441606795
1133,-37.08561,9,0,3,-0.006694164973768321,1.5418377361175688,2.0890414606441152
1134,-27.2782,9,0,2,-0.01600852670768897,1.655832031948699,2.088715394337972
1135,-26.980328,9,0,2,-0.01694201845675707,0.6867253420408815,2.0923386335372927
1136,-26.936207,9,0,2,-0.012061939973916327,0.862980917162661,2.0736130135399953
1137,-24.57024,9,0,1,-0.02415475870172183,0.5374730162115561,2.0534653729862637
1138,-28.795403,9,0,2,-0.018909188672242797,1.2595143307219534,2.0639043345170864
1139,-29.882574,9,0,2,-0.03312201116932556,0.9011399230221286,2.0022514685988426
1140,-17.248262,9,0,2,-0.018471996858716012,0.5858457264800866,2.0254874070485434
1141,-32.991505,9,0,3,-0.02108790911734104,2.3696474807802588,1.9809310287237167
1142,-30.864246,9,0,3,0.00030475060921162365,2.4319664783775807,2.0173452615737917
1143,-26.628616,9,0,3,-0.011605725122185854,0.9064547922462225,1.9876039028167725
1144,-34.866913,9,0,3,-0.01910026710141789,1.2288479305465112,1.9227386713027954
1145,-42.27723,9,0,3,-0.06272900179028511,3.3021620370447637,1.9357644319534302
1146,-34.985603,9,0,3,0.011006520262786321,0.7459333147853613,1.9540350692612785
1147,-32.25992,9,0,3,-0.09996063189048852,1.5893311905009406,1.972690761089325
1148,-18.746521,9,0,1,-0.0025595134356990457,1.1697303636465222,1.9874372854828835
1149,-26.278908,9,0,2,-0.006098278798162937,0.8368979400644699,1.9139121307267084
1150,-24.227993,9,0,2,-0.005417303244272868,0.8109362201144298,1.9650432825088502
1151,-15.606356,9,0,1,-0.018880204702525036,0.5280027380618064,1.984348758407261
1152,-30.608498,9,0,3,-0.01784682222124603,2.2373253129836588,2.0202633142471313
1153,-29.200373,9,0,3,-0.004555015538174372,1.3797519743944018,2.011773246985215
1154,-24.915264,9,0,2,-0.01517396792769432,1.3083245412838693,1.9942954904154728
1155,-46.907837,9,0,4,-0.032772228587418795,4.23301185562741,1.971988633275032
1156,-28.973972,9,0,2,0.02854016547401746,0.475521651606652,1.979486618723188
1157,-30.932968,9,0,2,0.004898587385049233,1.809412934172612,2.036046550824092
1158,-24.49731,9,0,1,0.0003249123692512512,1.7320089032325674,2.06845120121451
1159,-24.198376,9,0,3,-0.023612319491803646,0.952198852940152,2.0494870245456696
1160,-29.862137,9,0,3,-0.016324866025780257,0.6696568443798102,2.040879515501169
1161,-42.654106,9,0,4,-2.7814466092321607e-05,2.928896555884017,2.048301431867811
1162,-25.641338,9,0,3,-0.0005835396322337064,0.7833297569304705,2.049484133720398
1163,-29.03602,9,0,1,-0.007592617933239255,0.5922811881062531,2.067875305811564
1164,-34.91045,9,0,3,-0.009933116690566143,1.2280053502569597,2.0447959105173745
1165,-21.345245,9,0,2,-0.006153554345170657,0.7248393250008424,2.04302708307902
1166,-25.509651,9,0,2,-0.0010802487989789561,0.594117693112869,2.077437482382122
1167,-29.446783,9,0,3,-0.02378028298595122,0.7737101157129344,2.1033057485307967
1168,-20.789818,9,0,1,0.010121327417436987,0.9621744155883789,2.115139678120613
1169,-31.747803,9,0,3,0.004972209067394336,1.2296018712222576,2.0896869202454886
1170,-36.59597,9,0,3,0.0100048603489995,2.024603062774986,2.0942754546801248
1171,-42.510544,9,0,4,-0.028180509572848678,1.992313927039504,2.081398844718933
1172,-24.158047,9,0,2,0.003205155022442341,0.7123489410150796,2.1006136685609818
1173,-22.50101,9,0,2,0.0034250011667609215,0.6267197022680193,2.1153750866651535
1174,-31.424065,9,0,3,-0.01798233634326607,0.6825185087509453,2.1195735782384872
1175,-29.740345,9,0,2,-0.008951507074137529,1.4273537172625461,2.112255271275838
1176,-27.823534,9,0,3,-0.7885039202295817,1.9650461265387444,2.1002088143275333
1177,-28.288902,9,0,1,0.003054497274570167,0.8441245067864657,2.0824450969696047
1178,-35.153366,9,0,4,-0.010479980148375034,1.5487130261957645,2.0665138244628904
1179,-22.24957,9,0,2,-0.012546175043098629,0.4648936399607919,2.0512228906154633
1180,-28.380085,9,0,2,0.46142827381845564,3.77179344848264,2.0243921652436256
1181,-34.438984,9,0,3,0.0030628319152376867,1.9680168862369927,2.067158352244984
1182,-20.76431,9,0,1,-0.002465287398081273,0.8042669903952628,2.0779326409101486
1183,-32.364998,9,0,2,-0.0029347892850637436,2.020879212068394,2.061495542526245
1184,-4.7134666,9,1,0,0.000988329711713289,0.5788650382800322,2.0410029260735763
1185,-22.107237,9,0,2,0.009041090072555975,1.7743948809802532,2.0282194180922075
1186,-21.841915,9,0,1,0.011094838613644242,1.8141157790087163,2.0151116251945496
1187,-20.65681,9,0,1,-0.003733545852204164,0.9809917320704294,2.036134766207801
1188,-27.636887,9,0,3,0.00349881114172084,0.38942818137417945,2.046422174998692
1189,-22.953056,9,0,1,-0.0184663106851718,0.6013129366671338,2.0223364549524643
1190,-15.260321,9,0,1,-0.012347580989201863,0.5835157383233309,2.0036789496739704
1191,-28.97065,9,0,2,-0.00954345668045183,1.4445294914767146,1.97776194413503
1192,-25.608946,9,0,3,-0.006427770347467491,1.170961077325046,1.941821915762765
1193,-35.066574,9,0,2,-0.024818105357033864,1.3006088458267706,1.9561611413955688
1194,-26.352135,9,0,3,0.01814034760796598,0.4965576615317592,1.9703012704849243
1195,-24.447582,9,0,3,0.013305176049470901,0.757929491251707,1.9430273056030274
1196,-22.37786,9,0,2,-0.004440307187346311,1.4175916463136673,2.002877813119155
1197,-26.018282,9,0,2,-0.0008941217325627804,1.1942763067781925,2.0260804891586304
1198,-22.007742,9,0,2,-0.017845131332675616,0.503465024009347,2.0438667217890423
1199,-26.27216,9,0,2,-0.007019819691777229,0.5532324946899381,2.0160928633477955
1200,-20.44831,9,0,1,-0.01581731586552718,1.7179919403484638,2.0260024000616634
1201,-24.845222,9,0,3,-0.003302907648806771,0.9446510984562337,2.017578293879827
1202,-25.39251,9,0,2,-0.0030580334631460054,1.17967748056565,2.0222749539784024
1203,-28.826069,9,0,3,-0.006232571974396706,0.7312144592404366,2.000396752357483
1204,-21.813957,9,0,2,0.006744176318699663,0.9298242288218304,1.9752804149280896
1205,-22.566013,9,0,2,-0.014333902434869246,0.396340363828296,1.9310682036659934
1206,-30.28989,9,0,3,-0.01540322703394023,0.740914970297705,1.8664153055711226
1207,-19.32857,9,0,1,-0.0065778773795399405,0.8118238810242878,1.8950707647535536
1208,-27.337193,9,0,2,0.004213110543787479,1.8534530714297524,1.9237413314672618
1209,-8.082332,9,1,0,-0.004120809890862022,0.5511741061650571,1.9051336958294822
1210,-24.523832,9,0,2,-0.01999460763352759,0.4152326978989603,1.9166604981702917
1211,-35.421463,9,0,3,-0.011402474716305733,3.477682628086768,1.8912037909030914
1212,-28.72807,9,0,3,-0.042020253009266324,0.9573330614301894,1.8444265921910603
1213,-29.654226,9,0,2,-0.001405350346532133,0.6098617853389846,1.7954334484206305
1214,-24.815203,9,0,2,0.023027550757807845,0.40096180119058666,1.8139313178903915
1215,-32.534027,9,0,3,-0.002240191263678883,0.7888005881437233,1.8632180094718933
1216,-26.983278,9,0,2,0.014459745461742083,0.6497308262934287,1.929326868057251
1217,-29.117346,9,0,2,-0.01107659366200952,1.0761017598321332,1.9612662441590254
1218,-24.74478,9,0,3,-0.005857152119278908,0.8601515375077724,1.9809699416160584
1219,-32.193317,9,0,3,-0.01463982706459669,0.8946622996949233,1.9611814939058745
1220,-25.022694,9,0,3,0.003857360097269217,0.7523734507461389,2.0249646425247194
1221,-19.290121,9,0,1,-0.009905580759925,0.709289352847811,2.065000015146592
1222,-41.07243,9,0,4,0.0035639988258481027,3.349596837721765,2.0798484563827513
1223,-32.63391,9,0,3,-0.019903390922329643,1.686537441374226,2.088925079865889
1224,-28.147362,9,0,2,-0.019449718296527863,1.0750030882370014,2.0907349036290097
1225,-28.242653,9,0,2,-0.006748086656443775,1.3236965967807919,2.076559826731682
1226,-26.206087,9,0,2,0.005962473942952997,1.143035816905253,2.0824438403634464
1227,-28.588785,9,0,2,-0.006757547969327253,1.1533657702179079,2.079863997066722
1228,-32.08989,9,0,3,-0.0020976997911930084,0.8035807996988297,2.086094872156779
1229,-23.11755,9,0,2,0.016214666355933462,0.8665357873375926,2.0669764961515154
1230,-33.935886,9,0,3,-0.009780851192772388,1.0342171688874562,2.06022979815801
1231,-30.898945,9,0,3,0.025846019048582424,0.9087683555077423,2.0601855624805796
1232,-21.242867,9,0,3,0.004706521673748891,0.38515761859404546,2.078622738520304
1233,-24.175566,9,0,2,0.0014954745769500733,0.5592042833566666,2.1155062039693195
1234,-23.097567,9,0,3,-0.010549311884320699,0.6387032680929854,2.124309649834266
1235,-35.55832,9,0,3,-0.004134512972086668,2.235548640182242,2.1381072282791136
1236,-14.248255,9,0,1,0.0005638744108952009,0.6690431510169919,2.127112627029419
1237,-28.98722,9,0,3,-0.01209834311157465,1.1527988413969676,2.119383520550198
1238,-29.96725,9,0,3,0.016552862400809925,1.6056362114225824,2.1236114501953125
1239,-28.756554,9,0,3,0.0068337586350165885,1.3729156186947455,2.126591003858126
1240,-29.647913,9,0,2,-0.010515008742610613,0.600099697502123,2.128428724077013
1241,-23.403418,9,0,2,-0.0069791413843631744,0.6895353380176756,2.1533049212561712
1242,-33.742348,9,0,4,-0.011126887425780297,1.034747008047998,2.1420217037200926
1243,-36.113632,9,0,3,-0.0016517825424671173,1.9691228315234184,2.134800934791565
1244,-26.693213,9,0,3,-0.01920963687201341,2.287824127388497,2.1200217882792156
1245,-23.174866,9,0,2,-0.03808588072812805,2.1267743945742645,2.1036146680514016
1246,-34.101177,9,0,2,0.03549807291063997,1.6640980127784941,2.054796020189921
1247,-30.069283,9,0,3,-0.040823837160132825,0.866768240618209,2.053540676832199
1248,-38.337624,9,0,4,-0.004519655369222164,2.196208519861102,2.0208709985017776
1249,-34.301903,9,0,2,-0.020964616094715893,0.783670534263365,2.0371454656124115
1250,-31.414845,9,0,3,-0.01016752744714419,0.49152942523360255,2.00570174853007
1251,-29.755356,9,0,3,-0.0050559655691568665,0.6480416621869574,2.0539067800228414
1252,-35.013046,9,0,3,0.0021264062130025457,1.9937346539726215,2.069088195051466
1253,-29.379555,9,0,2,0.0037743527442216872,0.9597824630637963,2.1008906523386637
1254,-26.538391,9,0,2,-0.01355280466377735,0.8806089828411738,2.1217761198679606
1255,-36.93765,9,0,3,-0.003787419543816493,1.667586457199202,2.1117965624882626
1256,-26.84061,9,0,3,-0.014068553054874594,1.3574392931027845,2.104767907749523
1257,-32.791794,9,0,3,-0.006707155575545935,0.4620490761903616,2.0907281178694506
1258,-27.660812,9,0,2,-0.01887757726944983,0.7974076200276613,2.1168723702430725
1259,-26.811327,9,0,3,-0.010277219815179706,0.5438370041956659,2.1236340552568436
1260,-26.271788,9,0,2,-0.015569256152957678,0.7010410510119982,2.106265142560005
1261,-25.317516,9,0,3,-0.00455262495035475,0.9425434993410652,2.0731764923442495
1262,-31.788157,9,0,3,-0.014391227879307487,0.7812728881835938,2.116703748703003
1263,-38.15207,9,0,4,-0.033887419228752456,0.45377212899426617,2.1126132647196454
1264,-37.697533,9,0,3,-0.017519705494244895,1.261635815600554,2.1110639731089273
1265,-31.149267,9,0,3,0.0003536294859189254,0.7876707773225812,2.0891073025189915
1266,-27.568077,9,0,3,0.000985782179567549,1.02240965101454,2.1037813557518854
1267,-31.163881,9,0,3,-0.04480261541903019,1.8854238807477735,2.0898963429711084
1268,-29.719889,9,0,3,-0.007186657749116421,0.5969489640556276,2.0674173086881638
1269,-31.296213,9,0,3,-0.003648107498884201,1.504126949980855,2.081525993347168
1270,-27.854681,9,0,3,-0.029017290976994178,0.5133973959942951,2.126724397434908
1271,-26.820822,9,0,2,-0.020794130240877468,0.7024204288298885,2.092281762758891
1272,-33.26694,9,0,3,-0.01930777430534363,1.5510533265769482,2.060317945480347
1273,-26.2126,9,0,3,-0.0007464401423931122,0.7719010802518044,2.0162176064082553
1274,-24.330513,9,0,2,-0.0141631999053061,0.6190077616833151,2.017415589094162
1275,-33.76488,9,0,3,-0.01501899166032672,1.034328252717387,1.9926342591643333
1276,-42.24191,9,0,4,-0.049187666115661464,3.2347721697555647,1.9933472341961331
1277,-28.396576,9,0,2,-0.008273342748483022,0.9402165270720919,1.9318934361139932
1278,-26.711666,9,0,3,-0.02219897718168795,0.7523348821947972,1.9286478062470753
1279,-26.199677,9,0,3,0.031876467884733126,0.5798721270492444,1.9505738295041597
1280,-28.023693,9,0,3,-0.0057550889905542135,0.4093291190220043,1.972974881529808
1281,-29.482376,9,0,3,0.002782851043674681,1.4478001987768545,1.9328336715698242
1282,-32.430542,9,0,3,-0.02109593610900144,0.6704764760797843,1.9735937714576721
1283,-21.22921,9,0,3,0.015266842137162503,0.4238360756291793,1.948449574984037
1284,-24.034237,9,0,2,-0.037328533828258514,1.1960687641627514,2.0375853226735043
1285,-27.33925,9,0,3,-0.00559293372290475,0.6639997210752752,2.0328939386776517
1286,-30.178713,9,0,2,0.0026909271255135536,2.4887860694900157,2.0439872622489927
1287,-33.11104,9,0,4,0.011295791249722242,0.36378516536206007,2.0114411115646362
1288,-38.523354,9,0,3,-0.04279726035892963,2.1437394531443714,2.0740309238433836
1289,-33.066338,9,0,3,0.005404372854779164,1.0353322417164843,2.0419393380482993
1290,-23.892841,9,0,3,-0.03645400803249616,0.7397853032900736,2.010617705491873
1291,-7.4266553,9,1,0,-0.01722401738739931,1.0668608577778707,1.9841149220099816
1292,-37.403725,9,0,3,0.02991839001576106,3.6077164543999567,1.9939075311024983
1293,-27.27398,9,0,3,0.0044746531971863335,0.45890006948528544,1.984177895954677
1294,-31.626059,9,0,3,-0.005188666550176484,0.8000930519774556,2.0028305990355357
1295,-33.028336,9,0,3,-0.0067957304418087006,1.2122767016823803,2.035303669316428
1296,-27.737438,9,0,2,-0.015140086842270998,1.0870971384529884,2.0520467574779806
1297,-10.76917,9,1,0,-0.0072998628866943445,0.525669645941393,2.053539725867185
1298,-25.077255,9,0,2,-0.009406037628650665,1.1627467756470045,2.0653766632080077
1299,-37.165752,9,0,3,0.007979971589520574,2.7552982289344072,2.037945404648781
1300,-21.901484,9,0,2,-0.009417909197509289,0.5931483911616462,2.026531321661813
1301,-24.39106,9,0,3,-0.0016491913523238439,0.5103980774203172,1.9876852494019728
1302,-25.514942,9,0,2,-0.012213532398972247,0.6285877949040797,2.017606602774726
1303,-31.18878,9,0,3,-0.0009722651292880376,0.6343951065714161,2.019408845901489
1304,-32.76781,9,0,3,-0.019894447384609118,0.5005073466648658,2.046856145064036
1305,-24.928982,9,0,2,0.0029751078536113104,1.0319419709344706,2.052042531967163
1306,-31.473284,9,0,2,-0.020909021298090618,1.355018287959198,2.0442190488179524
1307,-28.21546,9,0,3,-0.026564120181969235,0.6652851948248488,2.026803135871887
1308,-20.725971,9,0,2,0.013515505070487658,1.0491552303234737,2.03552131652832
1309,-29.97104,9,0,2,-0.01034322018293958,0.6646186121445345,2.012675686886436
1310,-33.865665,9,0,3,-0.010832753963768482,0.9544273080925146,2.0279822250207267
1311,-33.23936,9,0,3,-0.013699502249558767,1.272704658905665,2.0284742673238116
1312,-34.99826,9,0,3,0.01369244594954782,2.8697888526237674,1.997710386912028
1313,-36.721394,9,0,3,-0.0013260765170509164,0.9783276417715983,2.021433613517068
1314,-31.840773,9,0,3,-0.001393235637806356,0.9650180032476783,2.0275934413075447
1315,-30.809654,9,0,2,-0.029273440233535238,3.041056482328309,2.0245690610673694
1316,-21.412563,9,0,1,0.0031168246020873386,0.7784874199579159,2.016994325319926
1317,-29.150667,9,0,3,-0.012581121345812624,1.6545727959072047,2.036533247340809
1318,-14.871981,9,0,1,-0.0038833390921354295,0.8011886976038416,2.0188451290130613
1319,-16.787365,9,0,1,-0.011596247553825378,0.961329381292065,2.0323552389939628
1320,-26.435474,9,0,3,-0.029134196362325122,1.2031917553062417,2.016068458557129
1321,-25.11935,9,0,2,0.01565639811257521,0.6014067744215329,2.0030895551045735
1322,-23.431814,9,0,3,-0.020260371840917148,0.5418837117389418,2.0118117790955763
1323,-33.225304,9,0,3,-0.004338362906128168,0.62254340024665,2.0397742688655853
1324,-30.909977,9,0,3,-0.02845642597160556,1.008847632191398,2.025345282121138
1325,-29.071209,9,0,3,0.021820235066115856,1.774993850125207,2.060188266966078
1326,-38.90584,9,0,3,-0.0053003644570708275,2.0705006829618164,2.0411792496840158
1327,-29.51112,9,0,2,0.0005343285322721515,1.489715012322579,2.0601204293114797
1328,-38.73381,9,0,4,0.010441003988186518,0.9491510342340916,2.0379515290260315
1329,-22.742188,9,0,2,-0.014751624029416304,1.3083976090240936,2.0252090234022875
1330,-36.688057,9,0,3,-0.015239434316754341,1.8739734266418964,2.0189071794350943
1331,-34.476402,9,0,3,0.012414174464841684,1.8027859940969695,2.025565803050995
1332,-31.032518,9,0,3,-0.02110933722772946,1.0554138879291712,2.0428972244262695
1333,-27.642872,9,0,3,-0.002149772481061518,0.6189517610473558,2.038547046482563
1334,-33.775925,9,0,3,-0.004901143552904779,2.111160483549942,2.0575336759740654
1335,-34.47529,9,0,2,-0.025434589841299586,1.0875584824631612,2.0352935989697776
1336,-38.187126,9,0,4,-0.009309247446556887,2.734508089721203,2.0133314530054727
1337,-26.17339,9,0,3,0.01643305142911581,0.6480134441875495,2.042068215516897
1338,-27.294094,9,0,3,-0.013867506260673205,0.784130311384797,2.0251585404078165
1339,-29.084265,9,0,3,-0.008300527102417417,1.6354543599817488,2.016379475593567
1340,-30.064846,9,0,3,-0.016284092432922788,2.535933377014266,2.0495000547832913
1341,-30.767584,9,0,3,-0.0011107191586723695,0.9981926322126617,2.070923392589276
1342,-32.584805,9,0,3,0.017980662936514073,1.0764464055272667,2.061272317712957
1343,-32.927315,9,0,3,-0.010488601711889109,0.6064458479483922,2.0667844931284587
1344,-29.308346,9,0,3,0.0016086521248022715,0.9690524139131109,2.035428786277771
1345,-26.024124,9,0,1,-0.008815220392802182,1.2642488202408833,2.097461181528428
1346,-37.962097,9,0,3,-0.004352592101151293,2.523035340688445,2.1237608302723276
1347,-35.076916,9,0,3,-0.010490586582039083,0.9100182141576495,2.1254314524786815
1348,-38.46667,9,0,3,0.005371032049879432,2.1633783811703324,2.1429699659347534
1349,-29.915825,9,0,3,-0.004943245183676481,0.3943335644900799,2.1363653898239137
1350,-29.58729,9,0,3,-0.007816739126362583,1.4503115090456875,2.0845553441481157
1351,-32.972298,9,0,3,-0.012748455752929051,0.8710554568096995,2.130236832300822
1352,-34.801212,9,0,3,-0.008842474967241287,2.562889787694439,2.1389922142028808
1353,-23.24458,9,0,1,0.0017599665412777348,1.4369513858599883,2.12537451794273
1354,-18.691317,9,0,1,-0.015809434024911178,0.8446125568037754,2.119795146741365
1355,-32.779755,9,0,3,-0.015775866620242596,0.5649830408394336,2.1188044706980387
1356,-25.68156,9,0,1,0.0031560267218285138,1.2649757273288236,2.126040458679199
1357,-31.102413,9,0,3,0.013244141928023763,2.4954492147598,2.1265041563245983
1358,-28.03978,9,0,3,-0.0021684829677854267,1.6133121281330074,2.124852180480957
1359,-39.27925,9,0,4,0.022872259012526937,3.047559814838072,2.1459786097208657
1360,-36.37558,9,0,4,0.010148205872004231,1.8528751474287775,2.122839238908556
1361,-28.035872,9,0,1,-0.00825552513393072,0.9324071269768935,2.136316867975088
1362,-29.965395,9,0,3,0.02040046148679473,1.5722750064662911,2.142890041524714
1363,-24.071665,9,0,2,-0.007566728008290132,0.9725550102690855,2.1715843280156455
1364,-32.969715,9,0,3,-0.006163440511694976,0.5565210095207606,2.16494311605181
1365,-34.833958,9,0,3,-0.006387349974829704,0.4352276574354619,2.150117054581642
1366,-24.358345,9,0,2,-0.008959172666072846,0.9982516542077065,2.1387733936309816
1367,-36.645866,9,0,3,0.0029070856557651,2.7635734240439804,2.158172910863703
1368,-23.931004,9,0,2,-0.006286436397778361,0.5852523936252845,2.1620399700967887
1369,-32.343136,9,0,3,-0.005287412697306046,0.9942289269887484,2.1577332203204813
1370,-26.489136,9,0,2,-0.005673568944136302,0.7766659367208679,2.177262020111084
1371,-32.067516,9,0,3,0.007451632991433144,0.9725390052688974,2.1536820786339894
1372,-23.460428,9,0,2,-0.010351142024292666,0.721679841661278,2.1608090120203354
1373,-34.38631,9,0,3,0.018636240065097807,0.9542455550283193,2.1645346164703367
1374,-36.51049,9,0,3,-0.0005364414304494858,2.9640344131737946,2.129689574241638
1375,-36.112915,9,0,3,0.008643538923934102,1.3084917165106162,2.1335362643003464
1376,-31.634502,9,0,3,-0.0027479899322821032,1.2705360249512725,2.1368978288438587
1377,-35.234543,9,0,4,0.018734385776850913,1.870225059075488,2.1136145856645374
1378,-29.99714,9,0,3,0.0004758482369092795,0.6488136591819617,2.122289859331571
1379,-29.27657,9,0,3,-0.0036454406351997303,0.799105585194551,2.1583637641026425
1380,-25.663715,9,0,1,-0.025090456008911133,1.041727204752319,2.1644411648021027
1381,-31.35281,9,0,3,-0.00829767540562898,2.4787898119539022,2.1186708509922028
1382,-21.850332,9,0,2,-0.0016782947761171004,0.4745553614133421,2.111608617446002
1383,-36.23164,9,0,4,-0.020958655048161745,0.9708852379893264,2.092429757118225
1384,-33.52451,9,0,3,-0.019746245816349983,0.8354587107050148,2.0472827607935127
1385,-27.189692,9,0,3,-0.011550958268344402,1.1234035827219486,2.0289342641830443
1386,-37.435093,9,0,3,0.0030390919687656257,1.080818125548271,2.0247843265533447
1387,-29.667402,9,0,3,0.010685026412829757,1.467855750893553,2.005182454983393
1388,-26.426281,9,0,1,-0.02910061297006905,1.3065094414632767,2.0129885748028755
1389,-33.710606,9,0,3,0.005444306614143508,1.2166175242247326,1.9987807018416268
1390,-40.558544,9,0,4,-0.028695786138996482,3.0592415165156126,2.008905217051506
1391,-14.216752,9,1,0,-0.013487040065228939,1.5185429810856779,2.048313399155935
1392,-35.382053,9,0,4,-0.02593077380548824,1.1172776175239547,2.0310969135978003
1393,-23.747736,9,0,3,-0.01023740524595434,0.5908590067516674,2.0092353495684536
1394,-32.970608,9,0,3,0.007913920174663266,1.8191131791876007,2.022387852271398
1395,-31.781816,9,0,3,-0.0005767706950957125,1.3509404491633177,2.026423551819541
1396,-34.802254,9,0,3,-0.005197635665535927,1.5323372276499867,2.038447944323222
1397,-28.090633,9,0,2,-0.027144413557834923,1.0321537091513164,1.9999578893184662
1398,-43.525444,9,0,4,0.018962977128103374,2.830880637653172,1.946564292907715
1399,-24.494967,9,0,3,0.013008850812911987,0.7697937223128974,1.9576270580291748
1400,-38.1566,9,0,3,0.0032574387595934026,0.44873656770762277,1.9859792134341072
1401,-37.53725,9,0,4,-0.02848832099698484,2.117894521681592,2.0130776166915894
1402,-30.443607,9,0,3,-0.024135913361202587,0.9724968800490553,2.0133001804351807
1403,-31.962025,9,0,3,-0.0024670729074965825,1.4295254591852427,1.9799196936867454
1404,-34.90467,9,0,3,-0.010332292045599647,1.1049129175288337,1.9894988877432687
1405,-27.308678,9,0,3,-0.007997361395288916,0.5302324505961117,1.9957838338964127
1406,-30.496424,9,0,3,-0.004304698552004993,0.6534097496187314,2.0026131942868233
1407,-31.720833,9,0,4,-0.005750959400426258,1.0257592926817862,2.022127855907787
1408,-27.942019,9,0,3,0.02425957697310618,1.6155980838728803,2.018727617604392
1409,-18.246733,9,0,1,-0.028121397147576013,1.111222259948651,2.03678142229716
1410,-35.17056,9,0,4,-0.007963105570524931,1.4229853555560112,2.031072175502777
1411,-24.000015,9,0,3,-0.023076136596500874,0.6336527006843915,2.008405712934641
1412,-23.842516,9,0,2,0.018906355581500313,1.401944471396167,1.9692177447405728
1413,-38.886116,9,0,4,-0.062321462606390314,1.5226144296427568,2.0162846088409423
1414,-32.228615,9,0,3,-0.007181309287746748,0.6299290405275921,1.9494604031244913
1415,-28.670944,9,0,3,-0.027530593021462362,1.2662777776519458,1.967640260855357
1416,-32.473614,9,0,3,-0.020092800725251436,2.4372436604462564,1.9563301354646683
1417,-30.763557,9,0,3,-0.012464553583413363,0.9464160854307314,1.9633142451445262
1418,-25.626614,9,0,3,-0.0155251079883713,0.9185093588267381,1.99943208694458
1419,-20.100796,9,0,1,-0.022219758998188708,0.7599348661800226,1.9929861823717754
1420,-21.456472,9,0,2,0.008880792558193207,1.5463177904486656,1.9868441224098206
1421,-28.707512,9,0,2,-0.0077695925202634596,2.7347424146201877,2.0200775464375815
1422,-37.103966,9,0,3,-0.030885151945627652,2.3707728317150703,2.01069661287161
1423,-35.402058,9,0,2,0.004908506400310076,0.8955040499567986,2.0186593440862803
1424,-28.293085,9,0,2,0.012492497990790167,1.0496064083356607,2.054771812338578
1425,-27.181084,9,0,2,0.0026015430274936887,0.9587693017286559,2.067007541656494
1426,-32.315002,9,0,3,0.01522402074187994,2.8388034963980315,2.0476648688316343
1427,-34.984104,9,0,4,-0.019993071630597114,1.0709686102345586,2.0405948400497436
1428,-37.06667,9,0,3,-0.01390708179678768,1.1410664287395775,2.007810339331627
1429,-31.828325,9,0,3,0.009798570112748579,2.1865187510848045,2.008985497734763
1430,-35.0825,9,0,3,0.004651565443385731,1.2317383978515863,2.0521381443197075
1431,-33.44943,9,0,2,-0.004640199989080429,3.1491805111989377,2.085253286361694
1432,-28.674095,9,0,2,0.003535007991428886,1.1387016829768462,2.067656798022134
1433,-42.203564,9,0,4,-0.03002368001681235,1.9404597975727584,2.067579163445367
1434,-34.427307,9,0,3,0.010499545965682377,1.8580395386300304,2.0554292418740014
1435,-31.105347,9,0,3,-0.00014664520594206724,1.2033408429812302,2.0615110830827192
1436,-27.769846,9,0,2,-0.011813301004861531,0.8621740530392057,2.076295953047903
1437,-24.620234,9,0,2,-0.004298833253629068,0.43853801193044467,2.076873176238116
1438,-22.193398,9,0,2,0.0032569943993751493,0.6034270194580867,2.0667724779673984
1439,-30.749138,9,0,2,0.012700940651649778,0.4206902654841542,2.0494495196775957
1440,-42.093967,9,0,3,-0.022364958401092074,2.4613940217955546,2.0548607002605093
1441,-27.283855,9,0,2,-0.013959749156366224,0.5206303309406275,2.041291221328404
1442,-40.73926,9,0,4,-0.008275486528873444,0.9788013025342176,1.9727952182292938
1443,-42.280006,9,0,4,0.00442883206738366,2.1111267142825656,1.982905560069614
1444,-25.231722,9,0,2,0.007176040568285518,1.0805724306652944,1.986511853006151
1445,-32.098637,9,0,3,-0.03378813885725462,1.0921614919430935,1.9955388399270864
1446,-30.532347,9,0,3,0.001450447365641594,2.1496117310598493,1.9855045080184937
1447,-17.261477,9,0,1,0.0014594928878876898,0.760350534071525,1.98617418607076
1448,-19.119476,9,0,1,-0.0009267799489732299,1.35866805491969,2.00855485030583
1449,-28.067446,9,0,2,-0.012524616322480142,1.478388195799198,2.0434656590223312
1450,-23.238047,9,0,3,-0.021118100034072995,0.9139523481329282,2.0406885941823325
1451,-25.227448,9,0,2,0.012512477114796638,1.8822288900613784,2.035654890537262
1452,-19.204561,9,0,1,0.0011055684264968423,0.5223060630481032,2.0424449654186474
1453,-33.434864,9,0,3,0.005501713852087657,1.0387258381893238,2.036286958058675
1454,-35.161667,9,0,3,-0.015429697761481459,2.31364999034188,2.0616788647391577
1455,-42.53508,9,0,4,-0.06212131886018647,2.7938216858439975,2.021857659022013
1456,-30.11322,9,0,3,0.0007524855721455354,1.731108153382173,2.0163757617657003
1457,-33.4835,9,0,3,-0.000586478691548109,2.226065131276846,1.994856345653534
1458,-30.029018,9,0,4,-0.015618745237588882,0.490144485142082,1.9794254700342815
1459,-36.73977,9,0,4,0.015163857223732131,2.6912030058779886,1.9944826194218226
1460,-32.7539,9,0,3,0.017509981989860535,1.5883734911913052,1.9988201061884563
1461,-35.249638,9,0,3,-0.010775437578558922,1.875884821638465,2.039441802284934
1462,-23.280056,9,0,2,-0.022652095765806735,0.6744584653060883,2.026636727154255
1463,-19.425968,9,0,1,-0.026330112169186275,2.274651942308992,2.001736501852671
1464,-31.836243,9,0,2,0.0003341698175063357,0.5695051616057754,1.992517627775669
1465,-34.08666,9,0,3,-0.0021559159374899333,2.6800939647687807,2.009079853693644
1466,-29.171902,9,0,3,-0.004884116494884858,1.407807402169475,1.9711311872188861
1467,-36.481384,9,0,3,-0.026486897974142005,1.4050199940268482,1.9710900783538818
1468,-41.14842,9,0,4,0.004724531900137663,1.7149602915160358,1.9811815321445465
1469,-29.055254,9,0,3,-0.018112705399592716,1.4404839215179284,1.9826013644536336
1470,-22.216599,9,0,2,-0.018122901519139607,1.659169169453283,1.9745805362860362
1471,-22.979607,9,0,2,-0.014161551836878061,0.5577893550798763,1.9366791620850563
1472,-24.94449,9,0,3,-0.05546392195604064,1.4712732080370188,1.9162271564657039
1473,-35.764286,9,0,3,-0.011959418654441833,5.925624116190842,1.9804860183170863
1474,-22.896507,9,0,1,-0.000920315133407712,0.8705145354382694,2.004082530736923
1475,-26.444162,9,0,2,-0.01635630495314087,0.7095967523221459,1.9932043637548174
1476,-27.209667,9,0,2,-0.02536916746092694,1.1425523539738995,1.9900333540780204
1477,-28.979572,9,0,3,-0.006991437015434106,1.137788996566087,1.9927650094032288
1478,-31.17609,9,0,3,-0.03523579691178524,1.025235060745707,2.0394462163631735
1479,-37.29487,9,0,4,-0.007973712170496583,2.1750876577571034,2.0401695668697357
1480,-27.854565,9,0,2,0.008291023290332626,0.6539668955785387,2.0219780487172745
1481,-24.1795,9,0,2,-0.04545117923989892,1.858249267935753,2.0272554636001585
1482,-27.461575,9,0,2,-0.00898374223874675,0.7821764215413067,1.9802077280150518
1483,-40.977806,9,0,4,-0.030512917587267503,3.625391797827823,2.026649611336844
1484,-34.336285,9,0,3,-0.011991690844297409,1.7048306142290433,2.0090446968873343
1485,-30.288042,9,0,3,-0.0002048308029770851,0.7884116607407728,2.01878608862559
1486,-26.716007,9,0,3,-0.02314997520297766,1.799356403015554,2.009484589099884
1487,-27.783232,9,0,3,-0.030973671935498714,1.7789237308315933,2.0235769510269166
1488,-33.308136,9,0,3,0.023473790381103754,1.355692255931596,1.986586332321167
1489,-28.589258,9,0,3,0.006530535916681401,0.3904572185128927,1.9920191541314125
1490,-25.595497,9,0,1,-0.011451082886196673,1.0279641899978742,2.0470791161060333
1491,-18.422905,9,0,1,-0.0050238470601684905,0.5444222342442063,2.00661338076872
1492,-34.25969,9,0,3,-0.035593620859659635,2.0192962768845835,2.0311956130541287
1493,-29.839725,9,0,3,0.017635434252125295,1.180794452317059,2.0157069834795864
1494,-32.232525,9,0,3,0.023175624270851795,0.9260297243555005,2.023553884946383
1495,-27.454996,9,0,2,-0.040460927678006034,1.2435272600767868,2.021051492009844
1496,-36.051727,9,0,3,-0.01606218293309212,1.8381211278960108,1.9982189655303955
1497,-33.002373,9,0,4,-0.04368865117430687,1.0906448224559426,1.94253471493721
1498,-35.755474,9,0,3,-0.008197341300547122,1.9862186724320054,1.976231586933136
1499,-17.010267,9,0,1,-0.020605358148091717,0.7022592713566203,2.0061290452354834
1500,-20.032368,9,0,2,-0.010895905705789724,0.9356316532939672,1.9669324159622192
